[0.000000] (-) TimerEvent: {}
[0.000377] (weedbot_interfaces) JobQueued: {'identifier': 'weedbot_interfaces', 'dependencies': OrderedDict()}
[0.000452] (weedbot_simulation) JobQueued: {'identifier': 'weedbot_simulation', 'dependencies': OrderedDict()}
[0.000491] (weedbot_control) JobQueued: {'identifier': 'weedbot_control', 'dependencies': OrderedDict({'weedbot_interfaces': '/home/sanya/fyp/W.I.P.E.R/ROS/wiper_ws/install/weedbot_interfaces'})}
[0.000527] (weedbot_vision) JobQueued: {'identifier': 'weedbot_vision', 'dependencies': OrderedDict({'weedbot_interfaces': '/home/sanya/fyp/W.I.P.E.R/ROS/wiper_ws/install/weedbot_interfaces'})}
[0.001439] (weedbot_interfaces) JobStarted: {'identifier': 'weedbot_interfaces'}
[0.010700] (weedbot_simulation) JobStarted: {'identifier': 'weedbot_simulation'}
[0.020375] (weedbot_interfaces) JobProgress: {'identifier': 'weedbot_interfaces', 'progress': 'cmake'}
[0.021794] (weedbot_interfaces) Command: {'cmd': ['/usr/bin/cmake', '/home/sanya/fyp/W.I.P.E.R/ROS/wiper_ws/src/weedbot_interfaces', '-DAMENT_CMAKE_SYMLINK_INSTALL=1', '-DCMAKE_INSTALL_PREFIX=/home/sanya/fyp/W.I.P.E.R/ROS/wiper_ws/install/weedbot_interfaces'], 'cwd': '/home/sanya/fyp/W.I.P.E.R/ROS/wiper_ws/build/weedbot_interfaces', 'env': OrderedDict({'LESSOPEN': '| /usr/bin/lesspipe %s', 'USER': 'sanya', 'XDG_SESSION_TYPE': 'wayland', 'CLUTTER_DISABLE_MIPMAPPED_TEXT': '1', 'SHLVL': '1', 'LD_LIBRARY_PATH': '/home/sanya/fyp/W.I.P.E.R/ROS/wiper_ws/install/weedbot_interfaces/lib:/opt/ros/jazzy/opt/rviz_ogre_vendor/lib:/opt/ros/jazzy/lib/x86_64-linux-gnu:/opt/ros/jazzy/opt/gz_math_vendor/lib:/opt/ros/jazzy/opt/gz_utils_vendor/lib:/opt/ros/jazzy/opt/gz_cmake_vendor/lib:/opt/ros/jazzy/lib', 'HOME': '/home/sanya', 'OLDPWD': '/home/sanya/fyp/W.I.P.E.R/ROS/wiper_ws/src', 'DESKTOP_SESSION': 'ubuntu', 'ROS_PYTHON_VERSION': '3', 'GNOME_SHELL_SESSION_MODE': 'ubuntu', 'GTK_MODULES': 'gail:atk-bridge', 'SYSTEMD_EXEC_PID': '2275', 'GSM_SKIP_SSH_AGENT_WORKAROUND': 'true', 'DBUS_SESSION_BUS_ADDRESS': 'unix:path=/run/user/1000/bus', 'COLORTERM': 'truecolor', 'DEBUGINFOD_URLS': 'https://debuginfod.ubuntu.com', 'IM_CONFIG_PHASE': '1', 'WAYLAND_DISPLAY': 'wayland-0', 'COLCON_PREFIX_PATH': '/home/sanya/fyp/W.I.P.E.R/ROS/wiper_ws/install', 'ROS_DISTRO': 'jazzy', 'LOGNAME': 'sanya', '_': '/usr/bin/colcon', 'ROS_VERSION': '2', 'MEMORY_PRESSURE_WATCH': '/sys/fs/cgroup/user.slice/user-1000.slice/user@1000.service/session.slice/org.gnome.Shell@wayland.service/memory.pressure', 'XDG_SESSION_CLASS': 'user', 'USERNAME': 'sanya', 'TERM': 'xterm-256color', 'GNOME_DESKTOP_SESSION_ID': 'this-is-deprecated', 'PATH': '/opt/ros/jazzy/bin:/home/sanya/.local/bin:/usr/local/sbin:/usr/local/bin:/usr/sbin:/usr/bin:/sbin:/bin:/usr/games:/usr/local/games:/snap/bin:/snap/bin', 'SESSION_MANAGER': 'local/sanya-R14P-Series:@/tmp/.ICE-unix/2234,unix/sanya-R14P-Series:/tmp/.ICE-unix/2234', 'XDG_MENU_PREFIX': 'gnome-', 'GNOME_TERMINAL_SCREEN': '/org/gnome/Terminal/screen/b8b13466_d57a_4770_859c_edd913d8fc08', 'GNOME_SETUP_DISPLAY': ':1', 'XDG_RUNTIME_DIR': '/run/user/1000', 'DISPLAY': ':0', 'LANG': 'en_US.UTF-8', 'XDG_CURRENT_DESKTOP': 'ubuntu:GNOME', 'XMODIFIERS': '@im=ibus', 'XDG_SESSION_DESKTOP': 'ubuntu', 'XAUTHORITY': '/run/user/1000/.mutter-Xwaylandauth.11S1N3', 'LS_COLORS': 'rs=0:di=01;34:ln=01;36:mh=00:pi=40;33:so=01;35:do=01;35:bd=40;33;01:cd=40;33;01:or=40;31;01:mi=00:su=37;41:sg=30;43:ca=00:tw=30;42:ow=34;42:st=37;44:ex=01;32:*.tar=01;31:*.tgz=01;31:*.arc=01;31:*.arj=01;31:*.taz=01;31:*.lha=01;31:*.lz4=01;31:*.lzh=01;31:*.lzma=01;31:*.tlz=01;31:*.txz=01;31:*.tzo=01;31:*.t7z=01;31:*.zip=01;31:*.z=01;31:*.dz=01;31:*.gz=01;31:*.lrz=01;31:*.lz=01;31:*.lzo=01;31:*.xz=01;31:*.zst=01;31:*.tzst=01;31:*.bz2=01;31:*.bz=01;31:*.tbz=01;31:*.tbz2=01;31:*.tz=01;31:*.deb=01;31:*.rpm=01;31:*.jar=01;31:*.war=01;31:*.ear=01;31:*.sar=01;31:*.rar=01;31:*.alz=01;31:*.ace=01;31:*.zoo=01;31:*.cpio=01;31:*.7z=01;31:*.rz=01;31:*.cab=01;31:*.wim=01;31:*.swm=01;31:*.dwm=01;31:*.esd=01;31:*.avif=01;35:*.jpg=01;35:*.jpeg=01;35:*.mjpg=01;35:*.mjpeg=01;35:*.gif=01;35:*.bmp=01;35:*.pbm=01;35:*.pgm=01;35:*.ppm=01;35:*.tga=01;35:*.xbm=01;35:*.xpm=01;35:*.tif=01;35:*.tiff=01;35:*.png=01;35:*.svg=01;35:*.svgz=01;35:*.mng=01;35:*.pcx=01;35:*.mov=01;35:*.mpg=01;35:*.mpeg=01;35:*.m2v=01;35:*.mkv=01;35:*.webm=01;35:*.webp=01;35:*.ogm=01;35:*.mp4=01;35:*.m4v=01;35:*.mp4v=01;35:*.vob=01;35:*.qt=01;35:*.nuv=01;35:*.wmv=01;35:*.asf=01;35:*.rm=01;35:*.rmvb=01;35:*.flc=01;35:*.avi=01;35:*.fli=01;35:*.flv=01;35:*.gl=01;35:*.dl=01;35:*.xcf=01;35:*.xwd=01;35:*.yuv=01;35:*.cgm=01;35:*.emf=01;35:*.ogv=01;35:*.ogx=01;35:*.aac=00;36:*.au=00;36:*.flac=00;36:*.m4a=00;36:*.mid=00;36:*.midi=00;36:*.mka=00;36:*.mp3=00;36:*.mpc=00;36:*.ogg=00;36:*.ra=00;36:*.wav=00;36:*.oga=00;36:*.opus=00;36:*.spx=00;36:*.xspf=00;36:*~=00;90:*#=00;90:*.bak=00;90:*.crdownload=00;90:*.dpkg-dist=00;90:*.dpkg-new=00;90:*.dpkg-old=00;90:*.dpkg-tmp=00;90:*.old=00;90:*.orig=00;90:*.part=00;90:*.rej=00;90:*.rpmnew=00;90:*.rpmorig=00;90:*.rpmsave=00;90:*.swp=00;90:*.tmp=00;90:*.ucf-dist=00;90:*.ucf-new=00;90:*.ucf-old=00;90:', 'GNOME_TERMINAL_SERVICE': ':1.117', 'SSH_AUTH_SOCK': '/run/user/1000/keyring/ssh', 'AMENT_PREFIX_PATH': '/home/sanya/fyp/W.I.P.E.R/ROS/wiper_ws/install/weedbot_vision:/home/sanya/fyp/W.I.P.E.R/ROS/wiper_ws/install/weedbot_simulation:/home/sanya/fyp/W.I.P.E.R/ROS/wiper_ws/install/weedbot_control:/home/sanya/fyp/W.I.P.E.R/ROS/wiper_ws/install/weedbot_interfaces:/opt/ros/jazzy', 'SHELL': '/bin/bash', 'QT_ACCESSIBILITY': '1', 'GDMSESSION': 'ubuntu', 'LESSCLOSE': '/usr/bin/lesspipe %s %s', 'ROS_AUTOMATIC_DISCOVERY_RANGE': 'SUBNET', 'QT_IM_MODULE': 'ibus', 'PWD': '/home/sanya/fyp/W.I.P.E.R/ROS/wiper_ws/build/weedbot_interfaces', 'LC_ALL': 'en_US.UTF-8', 'XDG_CONFIG_DIRS': '/etc/xdg/xdg-ubuntu:/etc/xdg', 'XDG_DATA_DIRS': '/usr/share/ubuntu:/usr/share/gnome:/usr/local/share/:/usr/share/:/var/lib/snapd/desktop', 'PYTHONPATH': '/home/sanya/fyp/W.I.P.E.R/ROS/wiper_ws/build/weedbot_vision:/home/sanya/fyp/W.I.P.E.R/ROS/wiper_ws/install/weedbot_vision/lib/python3.12/site-packages:/home/sanya/fyp/W.I.P.E.R/ROS/wiper_ws/build/weedbot_simulation:/home/sanya/fyp/W.I.P.E.R/ROS/wiper_ws/install/weedbot_simulation/lib/python3.12/site-packages:/home/sanya/fyp/W.I.P.E.R/ROS/wiper_ws/build/weedbot_control:/home/sanya/fyp/W.I.P.E.R/ROS/wiper_ws/install/weedbot_control/lib/python3.12/site-packages:/home/sanya/fyp/W.I.P.E.R/ROS/wiper_ws/install/weedbot_interfaces/lib/python3.12/site-packages:/opt/ros/jazzy/lib/python3.12/site-packages', 'COLCON': '1', 'MEMORY_PRESSURE_WRITE': 'c29tZSAyMDAwMDAgMjAwMDAwMAA=', 'VTE_VERSION': '7600', 'CMAKE_PREFIX_PATH': '/home/sanya/fyp/W.I.P.E.R/ROS/wiper_ws/install/weedbot_interfaces:/opt/ros/jazzy/opt/gz_math_vendor:/opt/ros/jazzy/opt/gz_utils_vendor:/opt/ros/jazzy/opt/gz_cmake_vendor:/home/sanya/fyp/W.I.P.E.R/ROS/wiper_ws/install/weedbot_vision:/home/sanya/fyp/W.I.P.E.R/ROS/wiper_ws/install/weedbot_simulation:/home/sanya/fyp/W.I.P.E.R/ROS/wiper_ws/install/weedbot_control:/opt/ros/jazzy'}), 'shell': False}
[0.099622] (-) TimerEvent: {}
[0.118679] (weedbot_interfaces) StdoutLine: {'line': b'-- The C compiler identification is GNU 13.3.0\n'}
[0.199772] (-) TimerEvent: {}
[0.214222] (weedbot_interfaces) StdoutLine: {'line': b'-- The CXX compiler identification is GNU 13.3.0\n'}
[0.242070] (weedbot_interfaces) StdoutLine: {'line': b'-- Detecting C compiler ABI info\n'}
[0.299923] (-) TimerEvent: {}
[0.389477] (weedbot_interfaces) StdoutLine: {'line': b'-- Detecting C compiler ABI info - done\n'}
[0.400056] (-) TimerEvent: {}
[0.404789] (weedbot_interfaces) StdoutLine: {'line': b'-- Check for working C compiler: /usr/bin/cc - skipped\n'}
[0.405277] (weedbot_interfaces) StdoutLine: {'line': b'-- Detecting C compile features\n'}
[0.405896] (weedbot_interfaces) StdoutLine: {'line': b'-- Detecting C compile features - done\n'}
[0.423736] (weedbot_interfaces) StdoutLine: {'line': b'-- Detecting CXX compiler ABI info\n'}
[0.500218] (-) TimerEvent: {}
[0.589751] (weedbot_interfaces) StdoutLine: {'line': b'-- Detecting CXX compiler ABI info - done\n'}
[0.600329] (-) TimerEvent: {}
[0.606594] (weedbot_interfaces) StdoutLine: {'line': b'-- Check for working CXX compiler: /usr/bin/c++ - skipped\n'}
[0.607143] (weedbot_interfaces) StdoutLine: {'line': b'-- Detecting CXX compile features\n'}
[0.608176] (weedbot_interfaces) StdoutLine: {'line': b'-- Detecting CXX compile features - done\n'}
[0.612797] (weedbot_interfaces) StdoutLine: {'line': b'-- Found ament_cmake: 2.5.6 (/opt/ros/jazzy/share/ament_cmake/cmake)\n'}
[0.700472] (-) TimerEvent: {}
[0.800850] (-) TimerEvent: {}
[0.861179] (weedbot_interfaces) StdoutLine: {'line': b'-- Found Python3: /usr/bin/python3 (found version "3.12.3") found components: Interpreter \n'}
[0.900984] (-) TimerEvent: {}
[0.980115] (weedbot_interfaces) StdoutLine: {'line': b'-- Override CMake install command with custom implementation using symlinks instead of copying resources\n'}
[1.001082] (-) TimerEvent: {}
[1.032781] (weedbot_interfaces) StdoutLine: {'line': b'-- Found std_msgs: 5.3.7 (/opt/ros/jazzy/share/std_msgs/cmake)\n'}
[1.094527] (weedbot_interfaces) StdoutLine: {'line': b'-- Found rosidl_generator_c: 4.6.7 (/opt/ros/jazzy/share/rosidl_generator_c/cmake)\n'}
[1.101196] (-) TimerEvent: {}
[1.121541] (weedbot_interfaces) StdoutLine: {'line': b'-- Found rosidl_generator_cpp: 4.6.7 (/opt/ros/jazzy/share/rosidl_generator_cpp/cmake)\n'}
[1.147795] (weedbot_interfaces) StdoutLine: {'line': b'-- Using all available rosidl_typesupport_c: rosidl_typesupport_fastrtps_c;rosidl_typesupport_introspection_c\n'}
[1.176396] (weedbot_interfaces) StdoutLine: {'line': b'-- Using all available rosidl_typesupport_cpp: rosidl_typesupport_fastrtps_cpp;rosidl_typesupport_introspection_cpp\n'}
[1.201316] (-) TimerEvent: {}
[1.233327] (weedbot_interfaces) StdoutLine: {'line': b'-- Found sensor_msgs: 5.3.7 (/opt/ros/jazzy/share/sensor_msgs/cmake)\n'}
[1.301443] (-) TimerEvent: {}
[1.326079] (weedbot_interfaces) StdoutLine: {'line': b'-- Found rosidl_default_generators: 1.6.0 (/opt/ros/jazzy/share/rosidl_default_generators/cmake)\n'}
[1.355860] (weedbot_interfaces) StdoutLine: {'line': b'-- Found rosidl_adapter: 4.6.7 (/opt/ros/jazzy/share/rosidl_adapter/cmake)\n'}
[1.401586] (-) TimerEvent: {}
[1.481673] (weedbot_simulation) Command: {'cmd': ['/usr/bin/python3', '-W', 'ignore:setup.py install is deprecated', '-W', 'ignore:easy_install command is deprecated', 'setup.py', 'develop', '--editable', '--build-directory', '/home/sanya/fyp/W.I.P.E.R/ROS/wiper_ws/build/weedbot_simulation/build', '--no-deps', 'symlink_data'], 'cwd': '/home/sanya/fyp/W.I.P.E.R/ROS/wiper_ws/build/weedbot_simulation', 'env': {'LESSOPEN': '| /usr/bin/lesspipe %s', 'USER': 'sanya', 'XDG_SESSION_TYPE': 'wayland', 'CLUTTER_DISABLE_MIPMAPPED_TEXT': '1', 'SHLVL': '1', 'LD_LIBRARY_PATH': '/home/sanya/fyp/W.I.P.E.R/ROS/wiper_ws/install/weedbot_interfaces/lib:/opt/ros/jazzy/opt/rviz_ogre_vendor/lib:/opt/ros/jazzy/lib/x86_64-linux-gnu:/opt/ros/jazzy/opt/gz_math_vendor/lib:/opt/ros/jazzy/opt/gz_utils_vendor/lib:/opt/ros/jazzy/opt/gz_cmake_vendor/lib:/opt/ros/jazzy/lib', 'HOME': '/home/sanya', 'OLDPWD': '/home/sanya/fyp/W.I.P.E.R/ROS/wiper_ws/src', 'DESKTOP_SESSION': 'ubuntu', 'ROS_PYTHON_VERSION': '3', 'GNOME_SHELL_SESSION_MODE': 'ubuntu', 'GTK_MODULES': 'gail:atk-bridge', 'SYSTEMD_EXEC_PID': '2275', 'GSM_SKIP_SSH_AGENT_WORKAROUND': 'true', 'DBUS_SESSION_BUS_ADDRESS': 'unix:path=/run/user/1000/bus', 'COLORTERM': 'truecolor', 'DEBUGINFOD_URLS': 'https://debuginfod.ubuntu.com', 'IM_CONFIG_PHASE': '1', 'WAYLAND_DISPLAY': 'wayland-0', 'COLCON_PREFIX_PATH': '/home/sanya/fyp/W.I.P.E.R/ROS/wiper_ws/install', 'ROS_DISTRO': 'jazzy', 'LOGNAME': 'sanya', '_': '/usr/bin/colcon', 'ROS_VERSION': '2', 'MEMORY_PRESSURE_WATCH': '/sys/fs/cgroup/user.slice/user-1000.slice/user@1000.service/session.slice/org.gnome.Shell@wayland.service/memory.pressure', 'XDG_SESSION_CLASS': 'user', 'USERNAME': 'sanya', 'TERM': 'xterm-256color', 'GNOME_DESKTOP_SESSION_ID': 'this-is-deprecated', 'PATH': '/opt/ros/jazzy/bin:/home/sanya/.local/bin:/usr/local/sbin:/usr/local/bin:/usr/sbin:/usr/bin:/sbin:/bin:/usr/games:/usr/local/games:/snap/bin:/snap/bin', 'SESSION_MANAGER': 'local/sanya-R14P-Series:@/tmp/.ICE-unix/2234,unix/sanya-R14P-Series:/tmp/.ICE-unix/2234', 'XDG_MENU_PREFIX': 'gnome-', 'GNOME_TERMINAL_SCREEN': '/org/gnome/Terminal/screen/b8b13466_d57a_4770_859c_edd913d8fc08', 'GNOME_SETUP_DISPLAY': ':1', 'XDG_RUNTIME_DIR': '/run/user/1000', 'DISPLAY': ':0', 'LANG': 'en_US.UTF-8', 'XDG_CURRENT_DESKTOP': 'ubuntu:GNOME', 'XMODIFIERS': '@im=ibus', 'XDG_SESSION_DESKTOP': 'ubuntu', 'XAUTHORITY': '/run/user/1000/.mutter-Xwaylandauth.11S1N3', 'LS_COLORS': 'rs=0:di=01;34:ln=01;36:mh=00:pi=40;33:so=01;35:do=01;35:bd=40;33;01:cd=40;33;01:or=40;31;01:mi=00:su=37;41:sg=30;43:ca=00:tw=30;42:ow=34;42:st=37;44:ex=01;32:*.tar=01;31:*.tgz=01;31:*.arc=01;31:*.arj=01;31:*.taz=01;31:*.lha=01;31:*.lz4=01;31:*.lzh=01;31:*.lzma=01;31:*.tlz=01;31:*.txz=01;31:*.tzo=01;31:*.t7z=01;31:*.zip=01;31:*.z=01;31:*.dz=01;31:*.gz=01;31:*.lrz=01;31:*.lz=01;31:*.lzo=01;31:*.xz=01;31:*.zst=01;31:*.tzst=01;31:*.bz2=01;31:*.bz=01;31:*.tbz=01;31:*.tbz2=01;31:*.tz=01;31:*.deb=01;31:*.rpm=01;31:*.jar=01;31:*.war=01;31:*.ear=01;31:*.sar=01;31:*.rar=01;31:*.alz=01;31:*.ace=01;31:*.zoo=01;31:*.cpio=01;31:*.7z=01;31:*.rz=01;31:*.cab=01;31:*.wim=01;31:*.swm=01;31:*.dwm=01;31:*.esd=01;31:*.avif=01;35:*.jpg=01;35:*.jpeg=01;35:*.mjpg=01;35:*.mjpeg=01;35:*.gif=01;35:*.bmp=01;35:*.pbm=01;35:*.pgm=01;35:*.ppm=01;35:*.tga=01;35:*.xbm=01;35:*.xpm=01;35:*.tif=01;35:*.tiff=01;35:*.png=01;35:*.svg=01;35:*.svgz=01;35:*.mng=01;35:*.pcx=01;35:*.mov=01;35:*.mpg=01;35:*.mpeg=01;35:*.m2v=01;35:*.mkv=01;35:*.webm=01;35:*.webp=01;35:*.ogm=01;35:*.mp4=01;35:*.m4v=01;35:*.mp4v=01;35:*.vob=01;35:*.qt=01;35:*.nuv=01;35:*.wmv=01;35:*.asf=01;35:*.rm=01;35:*.rmvb=01;35:*.flc=01;35:*.avi=01;35:*.fli=01;35:*.flv=01;35:*.gl=01;35:*.dl=01;35:*.xcf=01;35:*.xwd=01;35:*.yuv=01;35:*.cgm=01;35:*.emf=01;35:*.ogv=01;35:*.ogx=01;35:*.aac=00;36:*.au=00;36:*.flac=00;36:*.m4a=00;36:*.mid=00;36:*.midi=00;36:*.mka=00;36:*.mp3=00;36:*.mpc=00;36:*.ogg=00;36:*.ra=00;36:*.wav=00;36:*.oga=00;36:*.opus=00;36:*.spx=00;36:*.xspf=00;36:*~=00;90:*#=00;90:*.bak=00;90:*.crdownload=00;90:*.dpkg-dist=00;90:*.dpkg-new=00;90:*.dpkg-old=00;90:*.dpkg-tmp=00;90:*.old=00;90:*.orig=00;90:*.part=00;90:*.rej=00;90:*.rpmnew=00;90:*.rpmorig=00;90:*.rpmsave=00;90:*.swp=00;90:*.tmp=00;90:*.ucf-dist=00;90:*.ucf-new=00;90:*.ucf-old=00;90:', 'GNOME_TERMINAL_SERVICE': ':1.117', 'SSH_AUTH_SOCK': '/run/user/1000/keyring/ssh', 'AMENT_PREFIX_PATH': '/home/sanya/fyp/W.I.P.E.R/ROS/wiper_ws/install/weedbot_vision:/home/sanya/fyp/W.I.P.E.R/ROS/wiper_ws/install/weedbot_simulation:/home/sanya/fyp/W.I.P.E.R/ROS/wiper_ws/install/weedbot_control:/home/sanya/fyp/W.I.P.E.R/ROS/wiper_ws/install/weedbot_interfaces:/opt/ros/jazzy', 'SHELL': '/bin/bash', 'QT_ACCESSIBILITY': '1', 'GDMSESSION': 'ubuntu', 'LESSCLOSE': '/usr/bin/lesspipe %s %s', 'ROS_AUTOMATIC_DISCOVERY_RANGE': 'SUBNET', 'QT_IM_MODULE': 'ibus', 'PWD': '/home/sanya/fyp/W.I.P.E.R/ROS/wiper_ws/build/weedbot_simulation', 'LC_ALL': 'en_US.UTF-8', 'XDG_CONFIG_DIRS': '/etc/xdg/xdg-ubuntu:/etc/xdg', 'XDG_DATA_DIRS': '/usr/share/ubuntu:/usr/share/gnome:/usr/local/share/:/usr/share/:/var/lib/snapd/desktop', 'PYTHONPATH': '/home/sanya/fyp/W.I.P.E.R/ROS/wiper_ws/build/weedbot_simulation/prefix_override:/usr/lib/python3/dist-packages/colcon_core/task/python/colcon_distutils_commands:/home/sanya/fyp/W.I.P.E.R/ROS/wiper_ws/install/weedbot_simulation/lib/python3.12/site-packages:/home/sanya/fyp/W.I.P.E.R/ROS/wiper_ws/build/weedbot_vision:/home/sanya/fyp/W.I.P.E.R/ROS/wiper_ws/install/weedbot_vision/lib/python3.12/site-packages:/home/sanya/fyp/W.I.P.E.R/ROS/wiper_ws/build/weedbot_simulation:/home/sanya/fyp/W.I.P.E.R/ROS/wiper_ws/install/weedbot_simulation/lib/python3.12/site-packages:/home/sanya/fyp/W.I.P.E.R/ROS/wiper_ws/build/weedbot_control:/home/sanya/fyp/W.I.P.E.R/ROS/wiper_ws/install/weedbot_control/lib/python3.12/site-packages:/home/sanya/fyp/W.I.P.E.R/ROS/wiper_ws/install/weedbot_interfaces/lib/python3.12/site-packages:/opt/ros/jazzy/lib/python3.12/site-packages', 'COLCON': '1', 'MEMORY_PRESSURE_WRITE': 'c29tZSAyMDAwMDAgMjAwMDAwMAA=', 'VTE_VERSION': '7600', 'CMAKE_PREFIX_PATH': '/home/sanya/fyp/W.I.P.E.R/ROS/wiper_ws/install/weedbot_interfaces:/opt/ros/jazzy/opt/gz_math_vendor:/opt/ros/jazzy/opt/gz_utils_vendor:/opt/ros/jazzy/opt/gz_cmake_vendor'}, 'shell': False}
[1.501701] (-) TimerEvent: {}
[1.602062] (-) TimerEvent: {}
[1.702464] (-) TimerEvent: {}
[1.802851] (-) TimerEvent: {}
[1.903261] (-) TimerEvent: {}
[2.003653] (-) TimerEvent: {}
[2.064466] (weedbot_simulation) StdoutLine: {'line': b'running develop\n'}
[2.103781] (-) TimerEvent: {}
[2.204094] (-) TimerEvent: {}
[2.304416] (-) TimerEvent: {}
[2.404743] (-) TimerEvent: {}
[2.432549] (weedbot_interfaces) StdoutLine: {'line': b'-- Found ament_cmake_ros: 0.12.0 (/opt/ros/jazzy/share/ament_cmake_ros/cmake)\n'}
[2.438292] (weedbot_simulation) StdoutLine: {'line': b'running egg_info\n'}
[2.438606] (weedbot_simulation) StdoutLine: {'line': b'creating weedbot_simulation.egg-info\n'}
[2.475424] (weedbot_simulation) StdoutLine: {'line': b'writing weedbot_simulation.egg-info/PKG-INFO\n'}
[2.475814] (weedbot_simulation) StdoutLine: {'line': b'writing dependency_links to weedbot_simulation.egg-info/dependency_links.txt\n'}
[2.476362] (weedbot_simulation) StdoutLine: {'line': b'writing entry points to weedbot_simulation.egg-info/entry_points.txt\n'}
[2.476712] (weedbot_simulation) StdoutLine: {'line': b'writing requirements to weedbot_simulation.egg-info/requires.txt\n'}
[2.476899] (weedbot_simulation) StdoutLine: {'line': b'writing top-level names to weedbot_simulation.egg-info/top_level.txt\n'}
[2.477115] (weedbot_simulation) StdoutLine: {'line': b"writing manifest file 'weedbot_simulation.egg-info/SOURCES.txt'\n"}
[2.504855] (-) TimerEvent: {}
[2.550752] (weedbot_simulation) StdoutLine: {'line': b"reading manifest file 'weedbot_simulation.egg-info/SOURCES.txt'\n"}
[2.551789] (weedbot_simulation) StdoutLine: {'line': b"writing manifest file 'weedbot_simulation.egg-info/SOURCES.txt'\n"}
[2.590115] (weedbot_simulation) StdoutLine: {'line': b'running build_ext\n'}
[2.590428] (weedbot_simulation) StdoutLine: {'line': b'Creating /home/sanya/fyp/W.I.P.E.R/ROS/wiper_ws/install/weedbot_simulation/lib/python3.12/site-packages/weedbot-simulation.egg-link (link to .)\n'}
[2.591339] (weedbot_simulation) StdoutLine: {'line': b'Installing laser_controller script to /home/sanya/fyp/W.I.P.E.R/ROS/wiper_ws/install/weedbot_simulation/lib/weedbot_simulation\n'}
[2.591652] (weedbot_simulation) StdoutLine: {'line': b'Installing tractor_controller script to /home/sanya/fyp/W.I.P.E.R/ROS/wiper_ws/install/weedbot_simulation/lib/weedbot_simulation\n'}
[2.591931] (weedbot_simulation) StdoutLine: {'line': b'Installing weed_spawner script to /home/sanya/fyp/W.I.P.E.R/ROS/wiper_ws/install/weedbot_simulation/lib/weedbot_simulation\n'}
[2.592350] (weedbot_simulation) StdoutLine: {'line': b'\n'}
[2.592669] (weedbot_simulation) StdoutLine: {'line': b'Installed /home/sanya/fyp/W.I.P.E.R/ROS/wiper_ws/build/weedbot_simulation\n'}
[2.592801] (weedbot_simulation) StdoutLine: {'line': b'running symlink_data\n'}
[2.592991] (weedbot_simulation) StdoutLine: {'line': b'creating /home/sanya/fyp/W.I.P.E.R/ROS/wiper_ws/install/weedbot_simulation/share/ament_index\n'}
[2.593193] (weedbot_simulation) StdoutLine: {'line': b'creating /home/sanya/fyp/W.I.P.E.R/ROS/wiper_ws/install/weedbot_simulation/share/ament_index/resource_index\n'}
[2.593315] (weedbot_simulation) StdoutLine: {'line': b'creating /home/sanya/fyp/W.I.P.E.R/ROS/wiper_ws/install/weedbot_simulation/share/ament_index/resource_index/packages\n'}
[2.593459] (weedbot_simulation) StdoutLine: {'line': b'symbolically linking /home/sanya/fyp/W.I.P.E.R/ROS/wiper_ws/build/weedbot_simulation/resource/weedbot_simulation -> /home/sanya/fyp/W.I.P.E.R/ROS/wiper_ws/install/weedbot_simulation/share/ament_index/resource_index/packages\n'}
[2.593580] (weedbot_simulation) StdoutLine: {'line': b'symbolically linking /home/sanya/fyp/W.I.P.E.R/ROS/wiper_ws/build/weedbot_simulation/package.xml -> /home/sanya/fyp/W.I.P.E.R/ROS/wiper_ws/install/weedbot_simulation/share/weedbot_simulation\n'}
[2.593688] (weedbot_simulation) StdoutLine: {'line': b'creating /home/sanya/fyp/W.I.P.E.R/ROS/wiper_ws/install/weedbot_simulation/share/weedbot_simulation/launch\n'}
[2.593843] (weedbot_simulation) StdoutLine: {'line': b'symbolically linking /home/sanya/fyp/W.I.P.E.R/ROS/wiper_ws/build/weedbot_simulation/launch/simulation_launch.py -> /home/sanya/fyp/W.I.P.E.R/ROS/wiper_ws/install/weedbot_simulation/share/weedbot_simulation/launch\n'}
[2.593993] (weedbot_simulation) StdoutLine: {'line': b'symbolically linking /home/sanya/fyp/W.I.P.E.R/ROS/wiper_ws/build/weedbot_simulation/launch/full_system_launch.py -> /home/sanya/fyp/W.I.P.E.R/ROS/wiper_ws/install/weedbot_simulation/share/weedbot_simulation/launch\n'}
[2.594168] (weedbot_simulation) StdoutLine: {'line': b'creating /home/sanya/fyp/W.I.P.E.R/ROS/wiper_ws/install/weedbot_simulation/share/weedbot_simulation/worlds\n'}
[2.594282] (weedbot_simulation) StdoutLine: {'line': b'symbolically linking /home/sanya/fyp/W.I.P.E.R/ROS/wiper_ws/build/weedbot_simulation/worlds/farm_field.world -> /home/sanya/fyp/W.I.P.E.R/ROS/wiper_ws/install/weedbot_simulation/share/weedbot_simulation/worlds\n'}
[2.594422] (weedbot_simulation) StdoutLine: {'line': b'creating /home/sanya/fyp/W.I.P.E.R/ROS/wiper_ws/install/weedbot_simulation/share/weedbot_simulation/urdf\n'}
[2.594530] (weedbot_simulation) StdoutLine: {'line': b'symbolically linking /home/sanya/fyp/W.I.P.E.R/ROS/wiper_ws/build/weedbot_simulation/urdf/tractor.urdf.xacro -> /home/sanya/fyp/W.I.P.E.R/ROS/wiper_ws/install/weedbot_simulation/share/weedbot_simulation/urdf\n'}
[2.594665] (weedbot_simulation) StdoutLine: {'line': b'creating /home/sanya/fyp/W.I.P.E.R/ROS/wiper_ws/install/weedbot_simulation/share/weedbot_simulation/models\n'}
[2.594841] (weedbot_simulation) StdoutLine: {'line': b'creating /home/sanya/fyp/W.I.P.E.R/ROS/wiper_ws/install/weedbot_simulation/share/weedbot_simulation/models/weed\n'}
[2.594968] (weedbot_simulation) StdoutLine: {'line': b'symbolically linking /home/sanya/fyp/W.I.P.E.R/ROS/wiper_ws/build/weedbot_simulation/models/weed/model.sdf -> /home/sanya/fyp/W.I.P.E.R/ROS/wiper_ws/install/weedbot_simulation/share/weedbot_simulation/models/weed\n'}
[2.595156] (weedbot_simulation) StdoutLine: {'line': b'symbolically linking /home/sanya/fyp/W.I.P.E.R/ROS/wiper_ws/build/weedbot_simulation/models/weed/model.config -> /home/sanya/fyp/W.I.P.E.R/ROS/wiper_ws/install/weedbot_simulation/share/weedbot_simulation/models/weed\n'}
[2.604965] (-) TimerEvent: {}
[2.650300] (weedbot_simulation) CommandEnded: {'returncode': 0}
[2.665791] (weedbot_simulation) JobEnded: {'identifier': 'weedbot_simulation', 'rc': 0}
[2.705112] (-) TimerEvent: {}
[2.805428] (-) TimerEvent: {}
[2.905743] (-) TimerEvent: {}
[3.006079] (-) TimerEvent: {}
[3.106410] (-) TimerEvent: {}
[3.206736] (-) TimerEvent: {}
[3.307119] (-) TimerEvent: {}
[3.407486] (-) TimerEvent: {}
[3.507808] (-) TimerEvent: {}
[3.608115] (-) TimerEvent: {}
[3.708446] (-) TimerEvent: {}
[3.808786] (-) TimerEvent: {}
[3.905767] (weedbot_interfaces) StdoutLine: {'line': b'-- Using all available rosidl_typesupport_c: rosidl_typesupport_fastrtps_c;rosidl_typesupport_introspection_c\n'}
[3.908895] (-) TimerEvent: {}
[4.009221] (-) TimerEvent: {}
[4.109538] (-) TimerEvent: {}
[4.209863] (-) TimerEvent: {}
[4.310226] (-) TimerEvent: {}
[4.410551] (-) TimerEvent: {}
[4.483578] (weedbot_interfaces) StdoutLine: {'line': b'-- Using all available rosidl_typesupport_cpp: rosidl_typesupport_fastrtps_cpp;rosidl_typesupport_introspection_cpp\n'}
[4.488052] (weedbot_interfaces) StdoutLine: {'line': b'-- Found python_cmake_module: 0.11.1 (/opt/ros/jazzy/share/python_cmake_module/cmake)\n'}
[4.510667] (-) TimerEvent: {}
[4.610969] (-) TimerEvent: {}
[4.706164] (weedbot_interfaces) StdoutLine: {'line': b'-- Found PythonExtra: /usr/bin/python3  \n'}
[4.711155] (-) TimerEvent: {}
[4.811442] (-) TimerEvent: {}
[4.911769] (-) TimerEvent: {}
[5.012149] (-) TimerEvent: {}
[5.112449] (-) TimerEvent: {}
[5.212750] (-) TimerEvent: {}
[5.313055] (-) TimerEvent: {}
[5.413354] (-) TimerEvent: {}
[5.457775] (weedbot_interfaces) StdoutLine: {'line': b'-- Found Python3: /usr/bin/python3 (found version "3.12.3") found components: Interpreter Development NumPy Development.Module Development.Embed \n'}
[5.513470] (-) TimerEvent: {}
[5.613766] (-) TimerEvent: {}
[5.684657] (weedbot_interfaces) StdoutLine: {'line': b'-- Found Python3: /usr/bin/python3 (found version "3.12.3") found components: Interpreter \n'}
[5.703289] (weedbot_interfaces) StdoutLine: {'line': b'-- Configuring done (5.7s)\n'}
[5.713879] (-) TimerEvent: {}
[5.778159] (weedbot_interfaces) StdoutLine: {'line': b'-- Generating done (0.1s)\n'}
[5.797366] (weedbot_interfaces) StdoutLine: {'line': b'-- Build files have been written to: /home/sanya/fyp/W.I.P.E.R/ROS/wiper_ws/build/weedbot_interfaces\n'}
[5.813147] (weedbot_interfaces) CommandEnded: {'returncode': 0}
[5.814115] (weedbot_interfaces) JobProgress: {'identifier': 'weedbot_interfaces', 'progress': 'build'}
[5.814181] (-) TimerEvent: {}
[5.815984] (weedbot_interfaces) Command: {'cmd': ['/usr/bin/cmake', '--build', '/home/sanya/fyp/W.I.P.E.R/ROS/wiper_ws/build/weedbot_interfaces', '--', '-j12', '-l12'], 'cwd': '/home/sanya/fyp/W.I.P.E.R/ROS/wiper_ws/build/weedbot_interfaces', 'env': OrderedDict({'LESSOPEN': '| /usr/bin/lesspipe %s', 'USER': 'sanya', 'XDG_SESSION_TYPE': 'wayland', 'CLUTTER_DISABLE_MIPMAPPED_TEXT': '1', 'SHLVL': '1', 'LD_LIBRARY_PATH': '/home/sanya/fyp/W.I.P.E.R/ROS/wiper_ws/install/weedbot_interfaces/lib:/opt/ros/jazzy/opt/rviz_ogre_vendor/lib:/opt/ros/jazzy/lib/x86_64-linux-gnu:/opt/ros/jazzy/opt/gz_math_vendor/lib:/opt/ros/jazzy/opt/gz_utils_vendor/lib:/opt/ros/jazzy/opt/gz_cmake_vendor/lib:/opt/ros/jazzy/lib', 'HOME': '/home/sanya', 'OLDPWD': '/home/sanya/fyp/W.I.P.E.R/ROS/wiper_ws/src', 'DESKTOP_SESSION': 'ubuntu', 'ROS_PYTHON_VERSION': '3', 'GNOME_SHELL_SESSION_MODE': 'ubuntu', 'GTK_MODULES': 'gail:atk-bridge', 'SYSTEMD_EXEC_PID': '2275', 'GSM_SKIP_SSH_AGENT_WORKAROUND': 'true', 'DBUS_SESSION_BUS_ADDRESS': 'unix:path=/run/user/1000/bus', 'COLORTERM': 'truecolor', 'DEBUGINFOD_URLS': 'https://debuginfod.ubuntu.com', 'IM_CONFIG_PHASE': '1', 'WAYLAND_DISPLAY': 'wayland-0', 'COLCON_PREFIX_PATH': '/home/sanya/fyp/W.I.P.E.R/ROS/wiper_ws/install', 'ROS_DISTRO': 'jazzy', 'LOGNAME': 'sanya', '_': '/usr/bin/colcon', 'ROS_VERSION': '2', 'MEMORY_PRESSURE_WATCH': '/sys/fs/cgroup/user.slice/user-1000.slice/user@1000.service/session.slice/org.gnome.Shell@wayland.service/memory.pressure', 'XDG_SESSION_CLASS': 'user', 'USERNAME': 'sanya', 'TERM': 'xterm-256color', 'GNOME_DESKTOP_SESSION_ID': 'this-is-deprecated', 'PATH': '/opt/ros/jazzy/bin:/home/sanya/.local/bin:/usr/local/sbin:/usr/local/bin:/usr/sbin:/usr/bin:/sbin:/bin:/usr/games:/usr/local/games:/snap/bin:/snap/bin', 'SESSION_MANAGER': 'local/sanya-R14P-Series:@/tmp/.ICE-unix/2234,unix/sanya-R14P-Series:/tmp/.ICE-unix/2234', 'XDG_MENU_PREFIX': 'gnome-', 'GNOME_TERMINAL_SCREEN': '/org/gnome/Terminal/screen/b8b13466_d57a_4770_859c_edd913d8fc08', 'GNOME_SETUP_DISPLAY': ':1', 'XDG_RUNTIME_DIR': '/run/user/1000', 'DISPLAY': ':0', 'LANG': 'en_US.UTF-8', 'XDG_CURRENT_DESKTOP': 'ubuntu:GNOME', 'XMODIFIERS': '@im=ibus', 'XDG_SESSION_DESKTOP': 'ubuntu', 'XAUTHORITY': '/run/user/1000/.mutter-Xwaylandauth.11S1N3', 'LS_COLORS': 'rs=0:di=01;34:ln=01;36:mh=00:pi=40;33:so=01;35:do=01;35:bd=40;33;01:cd=40;33;01:or=40;31;01:mi=00:su=37;41:sg=30;43:ca=00:tw=30;42:ow=34;42:st=37;44:ex=01;32:*.tar=01;31:*.tgz=01;31:*.arc=01;31:*.arj=01;31:*.taz=01;31:*.lha=01;31:*.lz4=01;31:*.lzh=01;31:*.lzma=01;31:*.tlz=01;31:*.txz=01;31:*.tzo=01;31:*.t7z=01;31:*.zip=01;31:*.z=01;31:*.dz=01;31:*.gz=01;31:*.lrz=01;31:*.lz=01;31:*.lzo=01;31:*.xz=01;31:*.zst=01;31:*.tzst=01;31:*.bz2=01;31:*.bz=01;31:*.tbz=01;31:*.tbz2=01;31:*.tz=01;31:*.deb=01;31:*.rpm=01;31:*.jar=01;31:*.war=01;31:*.ear=01;31:*.sar=01;31:*.rar=01;31:*.alz=01;31:*.ace=01;31:*.zoo=01;31:*.cpio=01;31:*.7z=01;31:*.rz=01;31:*.cab=01;31:*.wim=01;31:*.swm=01;31:*.dwm=01;31:*.esd=01;31:*.avif=01;35:*.jpg=01;35:*.jpeg=01;35:*.mjpg=01;35:*.mjpeg=01;35:*.gif=01;35:*.bmp=01;35:*.pbm=01;35:*.pgm=01;35:*.ppm=01;35:*.tga=01;35:*.xbm=01;35:*.xpm=01;35:*.tif=01;35:*.tiff=01;35:*.png=01;35:*.svg=01;35:*.svgz=01;35:*.mng=01;35:*.pcx=01;35:*.mov=01;35:*.mpg=01;35:*.mpeg=01;35:*.m2v=01;35:*.mkv=01;35:*.webm=01;35:*.webp=01;35:*.ogm=01;35:*.mp4=01;35:*.m4v=01;35:*.mp4v=01;35:*.vob=01;35:*.qt=01;35:*.nuv=01;35:*.wmv=01;35:*.asf=01;35:*.rm=01;35:*.rmvb=01;35:*.flc=01;35:*.avi=01;35:*.fli=01;35:*.flv=01;35:*.gl=01;35:*.dl=01;35:*.xcf=01;35:*.xwd=01;35:*.yuv=01;35:*.cgm=01;35:*.emf=01;35:*.ogv=01;35:*.ogx=01;35:*.aac=00;36:*.au=00;36:*.flac=00;36:*.m4a=00;36:*.mid=00;36:*.midi=00;36:*.mka=00;36:*.mp3=00;36:*.mpc=00;36:*.ogg=00;36:*.ra=00;36:*.wav=00;36:*.oga=00;36:*.opus=00;36:*.spx=00;36:*.xspf=00;36:*~=00;90:*#=00;90:*.bak=00;90:*.crdownload=00;90:*.dpkg-dist=00;90:*.dpkg-new=00;90:*.dpkg-old=00;90:*.dpkg-tmp=00;90:*.old=00;90:*.orig=00;90:*.part=00;90:*.rej=00;90:*.rpmnew=00;90:*.rpmorig=00;90:*.rpmsave=00;90:*.swp=00;90:*.tmp=00;90:*.ucf-dist=00;90:*.ucf-new=00;90:*.ucf-old=00;90:', 'GNOME_TERMINAL_SERVICE': ':1.117', 'SSH_AUTH_SOCK': '/run/user/1000/keyring/ssh', 'AMENT_PREFIX_PATH': '/home/sanya/fyp/W.I.P.E.R/ROS/wiper_ws/install/weedbot_vision:/home/sanya/fyp/W.I.P.E.R/ROS/wiper_ws/install/weedbot_simulation:/home/sanya/fyp/W.I.P.E.R/ROS/wiper_ws/install/weedbot_control:/home/sanya/fyp/W.I.P.E.R/ROS/wiper_ws/install/weedbot_interfaces:/opt/ros/jazzy', 'SHELL': '/bin/bash', 'QT_ACCESSIBILITY': '1', 'GDMSESSION': 'ubuntu', 'LESSCLOSE': '/usr/bin/lesspipe %s %s', 'ROS_AUTOMATIC_DISCOVERY_RANGE': 'SUBNET', 'QT_IM_MODULE': 'ibus', 'PWD': '/home/sanya/fyp/W.I.P.E.R/ROS/wiper_ws/build/weedbot_interfaces', 'LC_ALL': 'en_US.UTF-8', 'XDG_CONFIG_DIRS': '/etc/xdg/xdg-ubuntu:/etc/xdg', 'XDG_DATA_DIRS': '/usr/share/ubuntu:/usr/share/gnome:/usr/local/share/:/usr/share/:/var/lib/snapd/desktop', 'PYTHONPATH': '/home/sanya/fyp/W.I.P.E.R/ROS/wiper_ws/build/weedbot_vision:/home/sanya/fyp/W.I.P.E.R/ROS/wiper_ws/install/weedbot_vision/lib/python3.12/site-packages:/home/sanya/fyp/W.I.P.E.R/ROS/wiper_ws/build/weedbot_simulation:/home/sanya/fyp/W.I.P.E.R/ROS/wiper_ws/install/weedbot_simulation/lib/python3.12/site-packages:/home/sanya/fyp/W.I.P.E.R/ROS/wiper_ws/build/weedbot_control:/home/sanya/fyp/W.I.P.E.R/ROS/wiper_ws/install/weedbot_control/lib/python3.12/site-packages:/home/sanya/fyp/W.I.P.E.R/ROS/wiper_ws/install/weedbot_interfaces/lib/python3.12/site-packages:/opt/ros/jazzy/lib/python3.12/site-packages', 'COLCON': '1', 'MEMORY_PRESSURE_WRITE': 'c29tZSAyMDAwMDAgMjAwMDAwMAA=', 'VTE_VERSION': '7600', 'CMAKE_PREFIX_PATH': '/home/sanya/fyp/W.I.P.E.R/ROS/wiper_ws/install/weedbot_interfaces:/opt/ros/jazzy/opt/gz_math_vendor:/opt/ros/jazzy/opt/gz_utils_vendor:/opt/ros/jazzy/opt/gz_cmake_vendor:/home/sanya/fyp/W.I.P.E.R/ROS/wiper_ws/install/weedbot_vision:/home/sanya/fyp/W.I.P.E.R/ROS/wiper_ws/install/weedbot_simulation:/home/sanya/fyp/W.I.P.E.R/ROS/wiper_ws/install/weedbot_control:/opt/ros/jazzy'}), 'shell': False}
[5.898910] (weedbot_interfaces) StdoutLine: {'line': b'[  2%] \x1b[34m\x1b[1mGenerating type hashes for ROS interfaces\x1b[0m\n'}
[5.899360] (weedbot_interfaces) StdoutLine: {'line': b'[  4%] \x1b[34m\x1b[1mGenerating Rust code for ROS interfaces\x1b[0m\n'}
[5.910979] (weedbot_interfaces) StdoutLine: {'line': b'[  4%] Built target ament_cmake_python_symlink_weedbot_interfaces\n'}
[5.914291] (-) TimerEvent: {}
[6.014556] (-) TimerEvent: {}
[6.114888] (-) TimerEvent: {}
[6.215238] (-) TimerEvent: {}
[6.279946] (weedbot_interfaces) StdoutLine: {'line': b'running egg_info\n'}
[6.281339] (weedbot_interfaces) StdoutLine: {'line': b'creating weedbot_interfaces.egg-info\n'}
[6.315370] (-) TimerEvent: {}
[6.318129] (weedbot_interfaces) StdoutLine: {'line': b'writing weedbot_interfaces.egg-info/PKG-INFO\n'}
[6.318502] (weedbot_interfaces) StdoutLine: {'line': b'writing dependency_links to weedbot_interfaces.egg-info/dependency_links.txt\n'}
[6.318752] (weedbot_interfaces) StdoutLine: {'line': b'writing top-level names to weedbot_interfaces.egg-info/top_level.txt\n'}
[6.319036] (weedbot_interfaces) StdoutLine: {'line': b"writing manifest file 'weedbot_interfaces.egg-info/SOURCES.txt'\n"}
[6.347206] (weedbot_interfaces) StdoutLine: {'line': b'[  4%] Built target weedbot_interfaces__rosidl_generator_type_description\n'}
[6.363922] (weedbot_interfaces) StdoutLine: {'line': b'[  6%] \x1b[34m\x1b[1mGenerating C code for ROS interfaces\x1b[0m\n'}
[6.383261] (weedbot_interfaces) StdoutLine: {'line': b'[  8%] \x1b[34m\x1b[1mGenerating C++ code for ROS interfaces\x1b[0m\n'}
[6.385646] (weedbot_interfaces) StdoutLine: {'line': b'[  8%] Built target weedbot_interfaces__rs\n'}
[6.415499] (-) TimerEvent: {}
[6.432148] (weedbot_interfaces) StdoutLine: {'line': b"reading manifest file 'weedbot_interfaces.egg-info/SOURCES.txt'\n"}
[6.433041] (weedbot_interfaces) StdoutLine: {'line': b"writing manifest file 'weedbot_interfaces.egg-info/SOURCES.txt'\n"}
[6.476722] (weedbot_interfaces) StdoutLine: {'line': b'[  8%] Built target ament_cmake_python_build_weedbot_interfaces_egg\n'}
[6.515620] (-) TimerEvent: {}
[6.615948] (-) TimerEvent: {}
[6.716299] (-) TimerEvent: {}
[6.816853] (-) TimerEvent: {}
[6.917197] (-) TimerEvent: {}
[6.927870] (weedbot_interfaces) StdoutLine: {'line': b'[  8%] Built target weedbot_interfaces__cpp\n'}
[7.000038] (weedbot_interfaces) StdoutLine: {'line': b'[ 15%] \x1b[32mBuilding C object CMakeFiles/weedbot_interfaces__rosidl_generator_c.dir/rosidl_generator_c/weedbot_interfaces/msg/detail/weed_detection__description.c.o\x1b[0m\n'}
[7.000402] (weedbot_interfaces) StdoutLine: {'line': b'[ 15%] \x1b[32mBuilding C object CMakeFiles/weedbot_interfaces__rosidl_generator_c.dir/rosidl_generator_c/weedbot_interfaces/msg/detail/weed_detection__functions.c.o\x1b[0m\n'}
[7.000623] (weedbot_interfaces) StdoutLine: {'line': b'[ 15%] \x1b[32mBuilding C object CMakeFiles/weedbot_interfaces__rosidl_generator_c.dir/rosidl_generator_c/weedbot_interfaces/msg/detail/weed_detection__type_support.c.o\x1b[0m\n'}
[7.000923] (weedbot_interfaces) StdoutLine: {'line': b'[ 20%] \x1b[32mBuilding C object CMakeFiles/weedbot_interfaces__rosidl_generator_c.dir/rosidl_generator_c/weedbot_interfaces/msg/detail/weed_array__description.c.o\x1b[0m\n'}
[7.001121] (weedbot_interfaces) StdoutLine: {'line': b'[ 20%] \x1b[32mBuilding C object CMakeFiles/weedbot_interfaces__rosidl_generator_c.dir/rosidl_generator_c/weedbot_interfaces/msg/detail/weed_array__functions.c.o\x1b[0m\n'}
[7.001272] (weedbot_interfaces) StdoutLine: {'line': b'[ 22%] \x1b[32mBuilding C object CMakeFiles/weedbot_interfaces__rosidl_generator_c.dir/rosidl_generator_c/weedbot_interfaces/msg/detail/weed_array__type_support.c.o\x1b[0m\n'}
[7.017318] (-) TimerEvent: {}
[7.086851] (weedbot_interfaces) StdoutLine: {'line': b'[ 24%] \x1b[32m\x1b[1mLinking C shared library libweedbot_interfaces__rosidl_generator_c.so\x1b[0m\n'}
[7.117439] (-) TimerEvent: {}
[7.154696] (weedbot_interfaces) StdoutLine: {'line': b'[ 24%] Built target weedbot_interfaces__rosidl_generator_c\n'}
[7.172175] (weedbot_interfaces) StdoutLine: {'line': b'[ 37%] \x1b[34m\x1b[1mGenerating C introspection for ROS interfaces\x1b[0m\n'}
[7.172495] (weedbot_interfaces) StdoutLine: {'line': b'[ 37%] \x1b[34m\x1b[1mGenerating C++ type support dispatch for ROS interfaces\x1b[0m\n'}
[7.172655] (weedbot_interfaces) StdoutLine: {'line': b'[ 37%] \x1b[34m\x1b[1mGenerating C++ type support for eProsima Fast-RTPS\x1b[0m\n'}
[7.172801] (weedbot_interfaces) StdoutLine: {'line': b'[ 37%] \x1b[34m\x1b[1mGenerating C type support for eProsima Fast-RTPS\x1b[0m\n'}
[7.172937] (weedbot_interfaces) StdoutLine: {'line': b'[ 37%] \x1b[34m\x1b[1mGenerating C type support dispatch for ROS interfaces\x1b[0m\n'}
[7.173099] (weedbot_interfaces) StdoutLine: {'line': b'[ 37%] \x1b[34m\x1b[1mGenerating C++ introspection for ROS interfaces\x1b[0m\n'}
[7.217564] (-) TimerEvent: {}
[7.317917] (-) TimerEvent: {}
[7.418293] (-) TimerEvent: {}
[7.518628] (-) TimerEvent: {}
[7.618982] (-) TimerEvent: {}
[7.669218] (weedbot_interfaces) StdoutLine: {'line': b'[ 40%] \x1b[32mBuilding CXX object CMakeFiles/weedbot_interfaces__rosidl_typesupport_c.dir/rosidl_typesupport_c/weedbot_interfaces/msg/weed_detection__type_support.cpp.o\x1b[0m\n'}
[7.673048] (weedbot_interfaces) StdoutLine: {'line': b'[ 42%] \x1b[32mBuilding CXX object CMakeFiles/weedbot_interfaces__rosidl_typesupport_c.dir/rosidl_typesupport_c/weedbot_interfaces/msg/weed_array__type_support.cpp.o\x1b[0m\n'}
[7.685918] (weedbot_interfaces) StdoutLine: {'line': b'[ 44%] \x1b[32mBuilding CXX object CMakeFiles/weedbot_interfaces__rosidl_typesupport_cpp.dir/rosidl_typesupport_cpp/weedbot_interfaces/msg/weed_detection__type_support.cpp.o\x1b[0m\n'}
[7.686285] (weedbot_interfaces) StdoutLine: {'line': b'[ 46%] \x1b[32mBuilding CXX object CMakeFiles/weedbot_interfaces__rosidl_typesupport_cpp.dir/rosidl_typesupport_cpp/weedbot_interfaces/msg/weed_array__type_support.cpp.o\x1b[0m\n'}
[7.716415] (weedbot_interfaces) StdoutLine: {'line': b'[ 51%] \x1b[32mBuilding CXX object CMakeFiles/weedbot_interfaces__rosidl_typesupport_introspection_cpp.dir/rosidl_typesupport_introspection_cpp/weedbot_interfaces/msg/detail/weed_detection__type_support.cpp.o\x1b[0m\n'}
[7.716782] (weedbot_interfaces) StdoutLine: {'line': b'[ 51%] \x1b[32mBuilding CXX object CMakeFiles/weedbot_interfaces__rosidl_typesupport_introspection_cpp.dir/rosidl_typesupport_introspection_cpp/weedbot_interfaces/msg/detail/weed_array__type_support.cpp.o\x1b[0m\n'}
[7.719072] (-) TimerEvent: {}
[7.736284] (weedbot_interfaces) StdoutLine: {'line': b'[ 55%] \x1b[32mBuilding C object CMakeFiles/weedbot_interfaces__rosidl_typesupport_introspection_c.dir/rosidl_typesupport_introspection_c/weedbot_interfaces/msg/detail/weed_array__type_support.c.o\x1b[0m\n'}
[7.736799] (weedbot_interfaces) StdoutLine: {'line': b'[ 55%] \x1b[32mBuilding C object CMakeFiles/weedbot_interfaces__rosidl_typesupport_introspection_c.dir/rosidl_typesupport_introspection_c/weedbot_interfaces/msg/detail/weed_detection__type_support.c.o\x1b[0m\n'}
[7.773195] (weedbot_interfaces) StdoutLine: {'line': b'[ 57%] \x1b[32m\x1b[1mLinking CXX shared library libweedbot_interfaces__rosidl_typesupport_c.so\x1b[0m\n'}
[7.794852] (weedbot_interfaces) StdoutLine: {'line': b'[ 62%] \x1b[32mBuilding CXX object CMakeFiles/weedbot_interfaces__rosidl_typesupport_fastrtps_cpp.dir/rosidl_typesupport_fastrtps_cpp/weedbot_interfaces/msg/detail/dds_fastrtps/weed_detection__type_support.cpp.o\x1b[0m\n'}
[7.795291] (weedbot_interfaces) StdoutLine: {'line': b'[ 62%] \x1b[32mBuilding CXX object CMakeFiles/weedbot_interfaces__rosidl_typesupport_fastrtps_cpp.dir/rosidl_typesupport_fastrtps_cpp/weedbot_interfaces/msg/detail/dds_fastrtps/weed_array__type_support.cpp.o\x1b[0m\n'}
[7.819229] (-) TimerEvent: {}
[7.836197] (weedbot_interfaces) StdoutLine: {'line': b'[ 64%] \x1b[32mBuilding CXX object CMakeFiles/weedbot_interfaces__rosidl_typesupport_fastrtps_c.dir/rosidl_typesupport_fastrtps_c/weedbot_interfaces/msg/detail/weed_array__type_support_c.cpp.o\x1b[0m\n'}
[7.836566] (weedbot_interfaces) StdoutLine: {'line': b'[ 66%] \x1b[32mBuilding CXX object CMakeFiles/weedbot_interfaces__rosidl_typesupport_fastrtps_c.dir/rosidl_typesupport_fastrtps_c/weedbot_interfaces/msg/detail/weed_detection__type_support_c.cpp.o\x1b[0m\n'}
[7.842926] (weedbot_interfaces) StdoutLine: {'line': b'[ 68%] \x1b[32m\x1b[1mLinking C shared library libweedbot_interfaces__rosidl_typesupport_introspection_c.so\x1b[0m\n'}
[7.859976] (weedbot_interfaces) StdoutLine: {'line': b'[ 68%] Built target weedbot_interfaces__rosidl_typesupport_c\n'}
[7.919378] (-) TimerEvent: {}
[7.925958] (weedbot_interfaces) StdoutLine: {'line': b'[ 68%] Built target weedbot_interfaces__rosidl_typesupport_introspection_c\n'}
[8.019535] (-) TimerEvent: {}
[8.119983] (-) TimerEvent: {}
[8.220436] (-) TimerEvent: {}
[8.251532] (weedbot_interfaces) StdoutLine: {'line': b'[ 71%] \x1b[32m\x1b[1mLinking CXX shared library libweedbot_interfaces__rosidl_typesupport_cpp.so\x1b[0m\n'}
[8.317796] (weedbot_interfaces) StdoutLine: {'line': b'[ 71%] Built target weedbot_interfaces__rosidl_typesupport_cpp\n'}
[8.320539] (-) TimerEvent: {}
[8.420913] (-) TimerEvent: {}
[8.504465] (weedbot_interfaces) StdoutLine: {'line': b'[ 73%] \x1b[32m\x1b[1mLinking CXX shared library libweedbot_interfaces__rosidl_typesupport_introspection_cpp.so\x1b[0m\n'}
[8.521078] (-) TimerEvent: {}
[8.621463] (-) TimerEvent: {}
[8.630117] (weedbot_interfaces) StdoutLine: {'line': b'[ 73%] Built target weedbot_interfaces__rosidl_typesupport_introspection_cpp\n'}
[8.671439] (weedbot_interfaces) StdoutLine: {'line': b'[ 75%] \x1b[32m\x1b[1mLinking CXX shared library libweedbot_interfaces__rosidl_typesupport_fastrtps_c.so\x1b[0m\n'}
[8.721604] (-) TimerEvent: {}
[8.756320] (weedbot_interfaces) StdoutLine: {'line': b'[ 75%] Built target weedbot_interfaces__rosidl_typesupport_fastrtps_c\n'}
[8.798855] (weedbot_interfaces) StdoutLine: {'line': b'[ 77%] \x1b[32m\x1b[1mLinking CXX shared library libweedbot_interfaces__rosidl_typesupport_fastrtps_cpp.so\x1b[0m\n'}
[8.821720] (-) TimerEvent: {}
[8.915411] (weedbot_interfaces) StdoutLine: {'line': b'[ 77%] Built target weedbot_interfaces__rosidl_typesupport_fastrtps_cpp\n'}
[8.921834] (-) TimerEvent: {}
[8.951487] (weedbot_interfaces) StdoutLine: {'line': b'[ 77%] Built target weedbot_interfaces\n'}
[8.986144] (weedbot_interfaces) StdoutLine: {'line': b'[ 80%] \x1b[34m\x1b[1mGenerating Python code for ROS interfaces\x1b[0m\n'}
[9.021958] (-) TimerEvent: {}
[9.122318] (-) TimerEvent: {}
[9.222639] (-) TimerEvent: {}
[9.322978] (-) TimerEvent: {}
[9.423334] (-) TimerEvent: {}
[9.523656] (-) TimerEvent: {}
[9.623979] (-) TimerEvent: {}
[9.724326] (-) TimerEvent: {}
[9.787676] (weedbot_interfaces) StdoutLine: {'line': b'[ 80%] Built target weedbot_interfaces__py\n'}
[9.820897] (weedbot_interfaces) StdoutLine: {'line': b'[ 84%] \x1b[32mBuilding C object CMakeFiles/weedbot_interfaces__rosidl_generator_py.dir/rosidl_generator_py/weedbot_interfaces/msg/_weed_array_s.c.o\x1b[0m\n'}
[9.821339] (weedbot_interfaces) StdoutLine: {'line': b'[ 84%] \x1b[32mBuilding C object CMakeFiles/weedbot_interfaces__rosidl_generator_py.dir/rosidl_generator_py/weedbot_interfaces/msg/_weed_detection_s.c.o\x1b[0m\n'}
[9.824437] (-) TimerEvent: {}
[9.924752] (-) TimerEvent: {}
[10.025193] (-) TimerEvent: {}
[10.119451] (weedbot_interfaces) StdoutLine: {'line': b'[ 86%] \x1b[32m\x1b[1mLinking C shared library libweedbot_interfaces__rosidl_generator_py.so\x1b[0m\n'}
[10.125301] (-) TimerEvent: {}
[10.195928] (weedbot_interfaces) StdoutLine: {'line': b'[ 86%] Built target weedbot_interfaces__rosidl_generator_py\n'}
[10.225448] (-) TimerEvent: {}
[10.226219] (weedbot_interfaces) StdoutLine: {'line': b'[ 91%] \x1b[32mBuilding C object CMakeFiles/weedbot_interfaces_s__rosidl_typesupport_fastrtps_c.dir/rosidl_generator_py/weedbot_interfaces/_weedbot_interfaces_s.ep.rosidl_typesupport_fastrtps_c.c.o\x1b[0m\n'}
[10.226526] (weedbot_interfaces) StdoutLine: {'line': b'[ 91%] \x1b[32mBuilding C object CMakeFiles/weedbot_interfaces_s__rosidl_typesupport_introspection_c.dir/rosidl_generator_py/weedbot_interfaces/_weedbot_interfaces_s.ep.rosidl_typesupport_introspection_c.c.o\x1b[0m\n'}
[10.226779] (weedbot_interfaces) StdoutLine: {'line': b'[ 93%] \x1b[32mBuilding C object CMakeFiles/weedbot_interfaces_s__rosidl_typesupport_c.dir/rosidl_generator_py/weedbot_interfaces/_weedbot_interfaces_s.ep.rosidl_typesupport_c.c.o\x1b[0m\n'}
[10.325573] (-) TimerEvent: {}
[10.373969] (weedbot_interfaces) StdoutLine: {'line': b'[ 95%] \x1b[32m\x1b[1mLinking C shared module rosidl_generator_py/weedbot_interfaces/weedbot_interfaces_s__rosidl_typesupport_c.so\x1b[0m\n'}
[10.376901] (weedbot_interfaces) StdoutLine: {'line': b'[ 97%] \x1b[32m\x1b[1mLinking C shared module rosidl_generator_py/weedbot_interfaces/weedbot_interfaces_s__rosidl_typesupport_introspection_c.so\x1b[0m\n'}
[10.380226] (weedbot_interfaces) StdoutLine: {'line': b'[100%] \x1b[32m\x1b[1mLinking C shared module rosidl_generator_py/weedbot_interfaces/weedbot_interfaces_s__rosidl_typesupport_fastrtps_c.so\x1b[0m\n'}
[10.420884] (weedbot_interfaces) StdoutLine: {'line': b'[100%] Built target weedbot_interfaces_s__rosidl_typesupport_c\n'}
[10.422668] (weedbot_interfaces) StdoutLine: {'line': b'[100%] Built target weedbot_interfaces_s__rosidl_typesupport_introspection_c\n'}
[10.425661] (-) TimerEvent: {}
[10.426818] (weedbot_interfaces) StdoutLine: {'line': b'[100%] Built target weedbot_interfaces_s__rosidl_typesupport_fastrtps_c\n'}
[10.445676] (weedbot_interfaces) CommandEnded: {'returncode': 0}
[10.446685] (weedbot_interfaces) JobProgress: {'identifier': 'weedbot_interfaces', 'progress': 'install'}
[10.458950] (weedbot_interfaces) Command: {'cmd': ['/usr/bin/cmake', '--install', '/home/sanya/fyp/W.I.P.E.R/ROS/wiper_ws/build/weedbot_interfaces'], 'cwd': '/home/sanya/fyp/W.I.P.E.R/ROS/wiper_ws/build/weedbot_interfaces', 'env': OrderedDict({'LESSOPEN': '| /usr/bin/lesspipe %s', 'USER': 'sanya', 'XDG_SESSION_TYPE': 'wayland', 'CLUTTER_DISABLE_MIPMAPPED_TEXT': '1', 'SHLVL': '1', 'LD_LIBRARY_PATH': '/home/sanya/fyp/W.I.P.E.R/ROS/wiper_ws/install/weedbot_interfaces/lib:/opt/ros/jazzy/opt/rviz_ogre_vendor/lib:/opt/ros/jazzy/lib/x86_64-linux-gnu:/opt/ros/jazzy/opt/gz_math_vendor/lib:/opt/ros/jazzy/opt/gz_utils_vendor/lib:/opt/ros/jazzy/opt/gz_cmake_vendor/lib:/opt/ros/jazzy/lib', 'HOME': '/home/sanya', 'OLDPWD': '/home/sanya/fyp/W.I.P.E.R/ROS/wiper_ws/src', 'DESKTOP_SESSION': 'ubuntu', 'ROS_PYTHON_VERSION': '3', 'GNOME_SHELL_SESSION_MODE': 'ubuntu', 'GTK_MODULES': 'gail:atk-bridge', 'SYSTEMD_EXEC_PID': '2275', 'GSM_SKIP_SSH_AGENT_WORKAROUND': 'true', 'DBUS_SESSION_BUS_ADDRESS': 'unix:path=/run/user/1000/bus', 'COLORTERM': 'truecolor', 'DEBUGINFOD_URLS': 'https://debuginfod.ubuntu.com', 'IM_CONFIG_PHASE': '1', 'WAYLAND_DISPLAY': 'wayland-0', 'COLCON_PREFIX_PATH': '/home/sanya/fyp/W.I.P.E.R/ROS/wiper_ws/install', 'ROS_DISTRO': 'jazzy', 'LOGNAME': 'sanya', '_': '/usr/bin/colcon', 'ROS_VERSION': '2', 'MEMORY_PRESSURE_WATCH': '/sys/fs/cgroup/user.slice/user-1000.slice/user@1000.service/session.slice/org.gnome.Shell@wayland.service/memory.pressure', 'XDG_SESSION_CLASS': 'user', 'USERNAME': 'sanya', 'TERM': 'xterm-256color', 'GNOME_DESKTOP_SESSION_ID': 'this-is-deprecated', 'PATH': '/opt/ros/jazzy/bin:/home/sanya/.local/bin:/usr/local/sbin:/usr/local/bin:/usr/sbin:/usr/bin:/sbin:/bin:/usr/games:/usr/local/games:/snap/bin:/snap/bin', 'SESSION_MANAGER': 'local/sanya-R14P-Series:@/tmp/.ICE-unix/2234,unix/sanya-R14P-Series:/tmp/.ICE-unix/2234', 'XDG_MENU_PREFIX': 'gnome-', 'GNOME_TERMINAL_SCREEN': '/org/gnome/Terminal/screen/b8b13466_d57a_4770_859c_edd913d8fc08', 'GNOME_SETUP_DISPLAY': ':1', 'XDG_RUNTIME_DIR': '/run/user/1000', 'DISPLAY': ':0', 'LANG': 'en_US.UTF-8', 'XDG_CURRENT_DESKTOP': 'ubuntu:GNOME', 'XMODIFIERS': '@im=ibus', 'XDG_SESSION_DESKTOP': 'ubuntu', 'XAUTHORITY': '/run/user/1000/.mutter-Xwaylandauth.11S1N3', 'LS_COLORS': 'rs=0:di=01;34:ln=01;36:mh=00:pi=40;33:so=01;35:do=01;35:bd=40;33;01:cd=40;33;01:or=40;31;01:mi=00:su=37;41:sg=30;43:ca=00:tw=30;42:ow=34;42:st=37;44:ex=01;32:*.tar=01;31:*.tgz=01;31:*.arc=01;31:*.arj=01;31:*.taz=01;31:*.lha=01;31:*.lz4=01;31:*.lzh=01;31:*.lzma=01;31:*.tlz=01;31:*.txz=01;31:*.tzo=01;31:*.t7z=01;31:*.zip=01;31:*.z=01;31:*.dz=01;31:*.gz=01;31:*.lrz=01;31:*.lz=01;31:*.lzo=01;31:*.xz=01;31:*.zst=01;31:*.tzst=01;31:*.bz2=01;31:*.bz=01;31:*.tbz=01;31:*.tbz2=01;31:*.tz=01;31:*.deb=01;31:*.rpm=01;31:*.jar=01;31:*.war=01;31:*.ear=01;31:*.sar=01;31:*.rar=01;31:*.alz=01;31:*.ace=01;31:*.zoo=01;31:*.cpio=01;31:*.7z=01;31:*.rz=01;31:*.cab=01;31:*.wim=01;31:*.swm=01;31:*.dwm=01;31:*.esd=01;31:*.avif=01;35:*.jpg=01;35:*.jpeg=01;35:*.mjpg=01;35:*.mjpeg=01;35:*.gif=01;35:*.bmp=01;35:*.pbm=01;35:*.pgm=01;35:*.ppm=01;35:*.tga=01;35:*.xbm=01;35:*.xpm=01;35:*.tif=01;35:*.tiff=01;35:*.png=01;35:*.svg=01;35:*.svgz=01;35:*.mng=01;35:*.pcx=01;35:*.mov=01;35:*.mpg=01;35:*.mpeg=01;35:*.m2v=01;35:*.mkv=01;35:*.webm=01;35:*.webp=01;35:*.ogm=01;35:*.mp4=01;35:*.m4v=01;35:*.mp4v=01;35:*.vob=01;35:*.qt=01;35:*.nuv=01;35:*.wmv=01;35:*.asf=01;35:*.rm=01;35:*.rmvb=01;35:*.flc=01;35:*.avi=01;35:*.fli=01;35:*.flv=01;35:*.gl=01;35:*.dl=01;35:*.xcf=01;35:*.xwd=01;35:*.yuv=01;35:*.cgm=01;35:*.emf=01;35:*.ogv=01;35:*.ogx=01;35:*.aac=00;36:*.au=00;36:*.flac=00;36:*.m4a=00;36:*.mid=00;36:*.midi=00;36:*.mka=00;36:*.mp3=00;36:*.mpc=00;36:*.ogg=00;36:*.ra=00;36:*.wav=00;36:*.oga=00;36:*.opus=00;36:*.spx=00;36:*.xspf=00;36:*~=00;90:*#=00;90:*.bak=00;90:*.crdownload=00;90:*.dpkg-dist=00;90:*.dpkg-new=00;90:*.dpkg-old=00;90:*.dpkg-tmp=00;90:*.old=00;90:*.orig=00;90:*.part=00;90:*.rej=00;90:*.rpmnew=00;90:*.rpmorig=00;90:*.rpmsave=00;90:*.swp=00;90:*.tmp=00;90:*.ucf-dist=00;90:*.ucf-new=00;90:*.ucf-old=00;90:', 'GNOME_TERMINAL_SERVICE': ':1.117', 'SSH_AUTH_SOCK': '/run/user/1000/keyring/ssh', 'AMENT_PREFIX_PATH': '/home/sanya/fyp/W.I.P.E.R/ROS/wiper_ws/install/weedbot_vision:/home/sanya/fyp/W.I.P.E.R/ROS/wiper_ws/install/weedbot_simulation:/home/sanya/fyp/W.I.P.E.R/ROS/wiper_ws/install/weedbot_control:/home/sanya/fyp/W.I.P.E.R/ROS/wiper_ws/install/weedbot_interfaces:/opt/ros/jazzy', 'SHELL': '/bin/bash', 'QT_ACCESSIBILITY': '1', 'GDMSESSION': 'ubuntu', 'LESSCLOSE': '/usr/bin/lesspipe %s %s', 'ROS_AUTOMATIC_DISCOVERY_RANGE': 'SUBNET', 'QT_IM_MODULE': 'ibus', 'PWD': '/home/sanya/fyp/W.I.P.E.R/ROS/wiper_ws/build/weedbot_interfaces', 'LC_ALL': 'en_US.UTF-8', 'XDG_CONFIG_DIRS': '/etc/xdg/xdg-ubuntu:/etc/xdg', 'XDG_DATA_DIRS': '/usr/share/ubuntu:/usr/share/gnome:/usr/local/share/:/usr/share/:/var/lib/snapd/desktop', 'PYTHONPATH': '/home/sanya/fyp/W.I.P.E.R/ROS/wiper_ws/build/weedbot_vision:/home/sanya/fyp/W.I.P.E.R/ROS/wiper_ws/install/weedbot_vision/lib/python3.12/site-packages:/home/sanya/fyp/W.I.P.E.R/ROS/wiper_ws/build/weedbot_simulation:/home/sanya/fyp/W.I.P.E.R/ROS/wiper_ws/install/weedbot_simulation/lib/python3.12/site-packages:/home/sanya/fyp/W.I.P.E.R/ROS/wiper_ws/build/weedbot_control:/home/sanya/fyp/W.I.P.E.R/ROS/wiper_ws/install/weedbot_control/lib/python3.12/site-packages:/home/sanya/fyp/W.I.P.E.R/ROS/wiper_ws/install/weedbot_interfaces/lib/python3.12/site-packages:/opt/ros/jazzy/lib/python3.12/site-packages', 'COLCON': '1', 'MEMORY_PRESSURE_WRITE': 'c29tZSAyMDAwMDAgMjAwMDAwMAA=', 'VTE_VERSION': '7600', 'CMAKE_PREFIX_PATH': '/home/sanya/fyp/W.I.P.E.R/ROS/wiper_ws/install/weedbot_interfaces:/opt/ros/jazzy/opt/gz_math_vendor:/opt/ros/jazzy/opt/gz_utils_vendor:/opt/ros/jazzy/opt/gz_cmake_vendor:/home/sanya/fyp/W.I.P.E.R/ROS/wiper_ws/install/weedbot_vision:/home/sanya/fyp/W.I.P.E.R/ROS/wiper_ws/install/weedbot_simulation:/home/sanya/fyp/W.I.P.E.R/ROS/wiper_ws/install/weedbot_control:/opt/ros/jazzy'}), 'shell': False}
[10.469129] (weedbot_interfaces) StdoutLine: {'line': b'-- Install configuration: ""\n'}
[10.469988] (weedbot_interfaces) StdoutLine: {'line': b'-- Execute custom install script\n'}
[10.470494] (weedbot_interfaces) StdoutLine: {'line': b'-- Symlinking: /home/sanya/fyp/W.I.P.E.R/ROS/wiper_ws/install/weedbot_interfaces/share/ament_index/resource_index/rosidl_interfaces/weedbot_interfaces\n'}
[10.481993] (weedbot_interfaces) StdoutLine: {'line': b'-- Symlinking: /home/sanya/fyp/W.I.P.E.R/ROS/wiper_ws/install/weedbot_interfaces/share/weedbot_interfaces/msg/WeedDetection.json\n'}
[10.493578] (weedbot_interfaces) StdoutLine: {'line': b'-- Symlinking: /home/sanya/fyp/W.I.P.E.R/ROS/wiper_ws/install/weedbot_interfaces/share/weedbot_interfaces/msg/WeedArray.json\n'}
[10.505631] (weedbot_interfaces) StdoutLine: {'line': b'-- Symlinking: /home/sanya/fyp/W.I.P.E.R/ROS/wiper_ws/install/weedbot_interfaces/include/weedbot_interfaces/weedbot_interfaces/msg/detail/weed_array__functions.h\n'}
[10.516982] (weedbot_interfaces) StdoutLine: {'line': b'-- Symlinking: /home/sanya/fyp/W.I.P.E.R/ROS/wiper_ws/install/weedbot_interfaces/include/weedbot_interfaces/weedbot_interfaces/msg/detail/weed_array__struct.h\n'}
[10.525756] (-) TimerEvent: {}
[10.529103] (weedbot_interfaces) StdoutLine: {'line': b'-- Symlinking: /home/sanya/fyp/W.I.P.E.R/ROS/wiper_ws/install/weedbot_interfaces/include/weedbot_interfaces/weedbot_interfaces/msg/detail/weed_array__type_support.h\n'}
[10.542214] (weedbot_interfaces) StdoutLine: {'line': b'-- Symlinking: /home/sanya/fyp/W.I.P.E.R/ROS/wiper_ws/install/weedbot_interfaces/include/weedbot_interfaces/weedbot_interfaces/msg/detail/weed_detection__functions.h\n'}
[10.553300] (weedbot_interfaces) StdoutLine: {'line': b'-- Symlinking: /home/sanya/fyp/W.I.P.E.R/ROS/wiper_ws/install/weedbot_interfaces/include/weedbot_interfaces/weedbot_interfaces/msg/detail/weed_detection__struct.h\n'}
[10.564401] (weedbot_interfaces) StdoutLine: {'line': b'-- Symlinking: /home/sanya/fyp/W.I.P.E.R/ROS/wiper_ws/install/weedbot_interfaces/include/weedbot_interfaces/weedbot_interfaces/msg/detail/weed_detection__type_support.h\n'}
[10.575416] (weedbot_interfaces) StdoutLine: {'line': b'-- Symlinking: /home/sanya/fyp/W.I.P.E.R/ROS/wiper_ws/install/weedbot_interfaces/include/weedbot_interfaces/weedbot_interfaces/msg/rosidl_generator_c__visibility_control.h\n'}
[10.586583] (weedbot_interfaces) StdoutLine: {'line': b'-- Symlinking: /home/sanya/fyp/W.I.P.E.R/ROS/wiper_ws/install/weedbot_interfaces/include/weedbot_interfaces/weedbot_interfaces/msg/weed_array.h\n'}
[10.597684] (weedbot_interfaces) StdoutLine: {'line': b'-- Symlinking: /home/sanya/fyp/W.I.P.E.R/ROS/wiper_ws/install/weedbot_interfaces/include/weedbot_interfaces/weedbot_interfaces/msg/weed_detection.h\n'}
[10.608779] (weedbot_interfaces) StdoutLine: {'line': b'-- Symlinking: /home/sanya/fyp/W.I.P.E.R/ROS/wiper_ws/install/weedbot_interfaces/share/weedbot_interfaces/environment/library_path.sh\n'}
[10.620455] (weedbot_interfaces) StdoutLine: {'line': b'-- Symlinking: /home/sanya/fyp/W.I.P.E.R/ROS/wiper_ws/install/weedbot_interfaces/share/weedbot_interfaces/environment/library_path.dsv\n'}
[10.625854] (-) TimerEvent: {}
[10.634001] (weedbot_interfaces) StdoutLine: {'line': b'-- Symlinking: /home/sanya/fyp/W.I.P.E.R/ROS/wiper_ws/install/weedbot_interfaces/include/weedbot_interfaces/weedbot_interfaces/msg/detail/weed_array__rosidl_typesupport_fastrtps_c.h\n'}
[10.645342] (weedbot_interfaces) StdoutLine: {'line': b'-- Symlinking: /home/sanya/fyp/W.I.P.E.R/ROS/wiper_ws/install/weedbot_interfaces/include/weedbot_interfaces/weedbot_interfaces/msg/detail/weed_detection__rosidl_typesupport_fastrtps_c.h\n'}
[10.656457] (weedbot_interfaces) StdoutLine: {'line': b'-- Symlinking: /home/sanya/fyp/W.I.P.E.R/ROS/wiper_ws/install/weedbot_interfaces/include/weedbot_interfaces/weedbot_interfaces/msg/rosidl_typesupport_fastrtps_c__visibility_control.h\n'}
[10.668053] (weedbot_interfaces) StdoutLine: {'line': b'-- Symlinking: /home/sanya/fyp/W.I.P.E.R/ROS/wiper_ws/install/weedbot_interfaces/include/weedbot_interfaces/weedbot_interfaces/msg/detail/weed_array__builder.hpp\n'}
[10.678893] (weedbot_interfaces) StdoutLine: {'line': b'-- Symlinking: /home/sanya/fyp/W.I.P.E.R/ROS/wiper_ws/install/weedbot_interfaces/include/weedbot_interfaces/weedbot_interfaces/msg/detail/weed_array__struct.hpp\n'}
[10.689708] (weedbot_interfaces) StdoutLine: {'line': b'-- Symlinking: /home/sanya/fyp/W.I.P.E.R/ROS/wiper_ws/install/weedbot_interfaces/include/weedbot_interfaces/weedbot_interfaces/msg/detail/weed_array__traits.hpp\n'}
[10.700523] (weedbot_interfaces) StdoutLine: {'line': b'-- Symlinking: /home/sanya/fyp/W.I.P.E.R/ROS/wiper_ws/install/weedbot_interfaces/include/weedbot_interfaces/weedbot_interfaces/msg/detail/weed_array__type_support.hpp\n'}
[10.710481] (weedbot_interfaces) StdoutLine: {'line': b'-- Symlinking: /home/sanya/fyp/W.I.P.E.R/ROS/wiper_ws/install/weedbot_interfaces/include/weedbot_interfaces/weedbot_interfaces/msg/detail/weed_detection__builder.hpp\n'}
[10.721035] (weedbot_interfaces) StdoutLine: {'line': b'-- Symlinking: /home/sanya/fyp/W.I.P.E.R/ROS/wiper_ws/install/weedbot_interfaces/include/weedbot_interfaces/weedbot_interfaces/msg/detail/weed_detection__struct.hpp\n'}
[10.725955] (-) TimerEvent: {}
[10.732848] (weedbot_interfaces) StdoutLine: {'line': b'-- Symlinking: /home/sanya/fyp/W.I.P.E.R/ROS/wiper_ws/install/weedbot_interfaces/include/weedbot_interfaces/weedbot_interfaces/msg/detail/weed_detection__traits.hpp\n'}
[10.744141] (weedbot_interfaces) StdoutLine: {'line': b'-- Symlinking: /home/sanya/fyp/W.I.P.E.R/ROS/wiper_ws/install/weedbot_interfaces/include/weedbot_interfaces/weedbot_interfaces/msg/detail/weed_detection__type_support.hpp\n'}
[10.754556] (weedbot_interfaces) StdoutLine: {'line': b'-- Symlinking: /home/sanya/fyp/W.I.P.E.R/ROS/wiper_ws/install/weedbot_interfaces/include/weedbot_interfaces/weedbot_interfaces/msg/rosidl_generator_cpp__visibility_control.hpp\n'}
[10.765147] (weedbot_interfaces) StdoutLine: {'line': b'-- Symlinking: /home/sanya/fyp/W.I.P.E.R/ROS/wiper_ws/install/weedbot_interfaces/include/weedbot_interfaces/weedbot_interfaces/msg/weed_array.hpp\n'}
[10.775790] (weedbot_interfaces) StdoutLine: {'line': b'-- Symlinking: /home/sanya/fyp/W.I.P.E.R/ROS/wiper_ws/install/weedbot_interfaces/include/weedbot_interfaces/weedbot_interfaces/msg/weed_detection.hpp\n'}
[10.787044] (weedbot_interfaces) StdoutLine: {'line': b'-- Symlinking: /home/sanya/fyp/W.I.P.E.R/ROS/wiper_ws/install/weedbot_interfaces/include/weedbot_interfaces/weedbot_interfaces/msg/detail/weed_array__rosidl_typesupport_fastrtps_cpp.hpp\n'}
[10.798136] (weedbot_interfaces) StdoutLine: {'line': b'-- Symlinking: /home/sanya/fyp/W.I.P.E.R/ROS/wiper_ws/install/weedbot_interfaces/include/weedbot_interfaces/weedbot_interfaces/msg/detail/weed_detection__rosidl_typesupport_fastrtps_cpp.hpp\n'}
[10.808926] (weedbot_interfaces) StdoutLine: {'line': b'-- Symlinking: /home/sanya/fyp/W.I.P.E.R/ROS/wiper_ws/install/weedbot_interfaces/include/weedbot_interfaces/weedbot_interfaces/msg/rosidl_typesupport_fastrtps_cpp__visibility_control.h\n'}
[10.820422] (weedbot_interfaces) StdoutLine: {'line': b'-- Symlinking: /home/sanya/fyp/W.I.P.E.R/ROS/wiper_ws/install/weedbot_interfaces/include/weedbot_interfaces/weedbot_interfaces/msg/detail/weed_array__rosidl_typesupport_introspection_c.h\n'}
[10.826056] (-) TimerEvent: {}
[10.832808] (weedbot_interfaces) StdoutLine: {'line': b'-- Symlinking: /home/sanya/fyp/W.I.P.E.R/ROS/wiper_ws/install/weedbot_interfaces/include/weedbot_interfaces/weedbot_interfaces/msg/detail/weed_detection__rosidl_typesupport_introspection_c.h\n'}
[10.844456] (weedbot_interfaces) StdoutLine: {'line': b'-- Symlinking: /home/sanya/fyp/W.I.P.E.R/ROS/wiper_ws/install/weedbot_interfaces/include/weedbot_interfaces/weedbot_interfaces/msg/rosidl_typesupport_introspection_c__visibility_control.h\n'}
[10.854913] (weedbot_interfaces) StdoutLine: {'line': b'-- Symlinking: /home/sanya/fyp/W.I.P.E.R/ROS/wiper_ws/install/weedbot_interfaces/include/weedbot_interfaces/weedbot_interfaces/msg/detail/weed_array__rosidl_typesupport_introspection_cpp.hpp\n'}
[10.865223] (weedbot_interfaces) StdoutLine: {'line': b'-- Symlinking: /home/sanya/fyp/W.I.P.E.R/ROS/wiper_ws/install/weedbot_interfaces/include/weedbot_interfaces/weedbot_interfaces/msg/detail/weed_detection__rosidl_typesupport_introspection_cpp.hpp\n'}
[10.876181] (weedbot_interfaces) StdoutLine: {'line': b'-- Symlinking: /home/sanya/fyp/W.I.P.E.R/ROS/wiper_ws/install/weedbot_interfaces/share/weedbot_interfaces/environment/pythonpath.sh\n'}
[10.886648] (weedbot_interfaces) StdoutLine: {'line': b'-- Symlinking: /home/sanya/fyp/W.I.P.E.R/ROS/wiper_ws/install/weedbot_interfaces/share/weedbot_interfaces/environment/pythonpath.dsv\n'}
[10.897562] (weedbot_interfaces) StdoutLine: {'line': b'-- Symlinking: /home/sanya/fyp/W.I.P.E.R/ROS/wiper_ws/install/weedbot_interfaces/lib/python3.12/site-packages/weedbot_interfaces-0.0.1-py3.12.egg-info/PKG-INFO\n'}
[10.908845] (weedbot_interfaces) StdoutLine: {'line': b'-- Symlinking: /home/sanya/fyp/W.I.P.E.R/ROS/wiper_ws/install/weedbot_interfaces/lib/python3.12/site-packages/weedbot_interfaces-0.0.1-py3.12.egg-info/SOURCES.txt\n'}
[10.918548] (weedbot_interfaces) StdoutLine: {'line': b'-- Symlinking: /home/sanya/fyp/W.I.P.E.R/ROS/wiper_ws/install/weedbot_interfaces/lib/python3.12/site-packages/weedbot_interfaces-0.0.1-py3.12.egg-info/dependency_links.txt\n'}
[10.926154] (-) TimerEvent: {}
[10.929317] (weedbot_interfaces) StdoutLine: {'line': b'-- Symlinking: /home/sanya/fyp/W.I.P.E.R/ROS/wiper_ws/install/weedbot_interfaces/lib/python3.12/site-packages/weedbot_interfaces-0.0.1-py3.12.egg-info/top_level.txt\n'}
[10.941736] (weedbot_interfaces) StdoutLine: {'line': b'-- Symlinking: /home/sanya/fyp/W.I.P.E.R/ROS/wiper_ws/install/weedbot_interfaces/lib/python3.12/site-packages/weedbot_interfaces/__init__.py\n'}
[10.952123] (weedbot_interfaces) StdoutLine: {'line': b'-- Symlinking: /home/sanya/fyp/W.I.P.E.R/ROS/wiper_ws/install/weedbot_interfaces/lib/python3.12/site-packages/weedbot_interfaces/_weedbot_interfaces_s.ep.rosidl_typesupport_c.c\n'}
[10.962320] (weedbot_interfaces) StdoutLine: {'line': b'-- Symlinking: /home/sanya/fyp/W.I.P.E.R/ROS/wiper_ws/install/weedbot_interfaces/lib/python3.12/site-packages/weedbot_interfaces/_weedbot_interfaces_s.ep.rosidl_typesupport_fastrtps_c.c\n'}
[10.972509] (weedbot_interfaces) StdoutLine: {'line': b'-- Symlinking: /home/sanya/fyp/W.I.P.E.R/ROS/wiper_ws/install/weedbot_interfaces/lib/python3.12/site-packages/weedbot_interfaces/_weedbot_interfaces_s.ep.rosidl_typesupport_introspection_c.c\n'}
[10.982366] (weedbot_interfaces) StdoutLine: {'line': b'-- Symlinking: /home/sanya/fyp/W.I.P.E.R/ROS/wiper_ws/install/weedbot_interfaces/lib/python3.12/site-packages/weedbot_interfaces/msg/__init__.py\n'}
[10.992174] (weedbot_interfaces) StdoutLine: {'line': b'-- Symlinking: /home/sanya/fyp/W.I.P.E.R/ROS/wiper_ws/install/weedbot_interfaces/lib/python3.12/site-packages/weedbot_interfaces/msg/_weed_array.py\n'}
[11.002321] (weedbot_interfaces) StdoutLine: {'line': b'-- Symlinking: /home/sanya/fyp/W.I.P.E.R/ROS/wiper_ws/install/weedbot_interfaces/lib/python3.12/site-packages/weedbot_interfaces/msg/_weed_array_s.c\n'}
[11.012359] (weedbot_interfaces) StdoutLine: {'line': b'-- Symlinking: /home/sanya/fyp/W.I.P.E.R/ROS/wiper_ws/install/weedbot_interfaces/lib/python3.12/site-packages/weedbot_interfaces/msg/_weed_detection.py\n'}
[11.022575] (weedbot_interfaces) StdoutLine: {'line': b'-- Symlinking: /home/sanya/fyp/W.I.P.E.R/ROS/wiper_ws/install/weedbot_interfaces/lib/python3.12/site-packages/weedbot_interfaces/msg/_weed_detection_s.c\n'}
[11.026250] (-) TimerEvent: {}
[11.034149] (weedbot_interfaces) StdoutLine: {'line': b'-- Symlinking: /home/sanya/fyp/W.I.P.E.R/ROS/wiper_ws/install/weedbot_interfaces/lib/python3.12/site-packages/weedbot_interfaces/weedbot_interfaces_s__rosidl_typesupport_c.so\n'}
[11.044293] (weedbot_interfaces) StdoutLine: {'line': b'-- Symlinking: /home/sanya/fyp/W.I.P.E.R/ROS/wiper_ws/install/weedbot_interfaces/lib/python3.12/site-packages/weedbot_interfaces/weedbot_interfaces_s__rosidl_typesupport_fastrtps_c.so\n'}
[11.054335] (weedbot_interfaces) StdoutLine: {'line': b'-- Symlinking: /home/sanya/fyp/W.I.P.E.R/ROS/wiper_ws/install/weedbot_interfaces/lib/python3.12/site-packages/weedbot_interfaces/weedbot_interfaces_s__rosidl_typesupport_introspection_c.so\n'}
[11.064708] (weedbot_interfaces) StdoutLine: {'line': b'-- Up-to-date symlink: /home/sanya/fyp/W.I.P.E.R/ROS/wiper_ws/install/weedbot_interfaces/lib/python3.12/site-packages/weedbot_interfaces/weedbot_interfaces_s__rosidl_typesupport_fastrtps_c.so\n'}
[11.065128] (weedbot_interfaces) StdoutLine: {'line': b'-- Up-to-date symlink: /home/sanya/fyp/W.I.P.E.R/ROS/wiper_ws/install/weedbot_interfaces/lib/python3.12/site-packages/weedbot_interfaces/weedbot_interfaces_s__rosidl_typesupport_introspection_c.so\n'}
[11.065535] (weedbot_interfaces) StdoutLine: {'line': b'-- Up-to-date symlink: /home/sanya/fyp/W.I.P.E.R/ROS/wiper_ws/install/weedbot_interfaces/lib/python3.12/site-packages/weedbot_interfaces/weedbot_interfaces_s__rosidl_typesupport_c.so\n'}
[11.065846] (weedbot_interfaces) StdoutLine: {'line': b'-- Symlinking: /home/sanya/fyp/W.I.P.E.R/ROS/wiper_ws/install/weedbot_interfaces/share/ament_index/resource_index/rust_packages/weedbot_interfaces\n'}
[11.075782] (weedbot_interfaces) StdoutLine: {'line': b'-- Symlinking: /home/sanya/fyp/W.I.P.E.R/ROS/wiper_ws/install/weedbot_interfaces/share/weedbot_interfaces/rust/Cargo.toml\n'}
[11.086518] (weedbot_interfaces) StdoutLine: {'line': b'-- Symlinking: /home/sanya/fyp/W.I.P.E.R/ROS/wiper_ws/install/weedbot_interfaces/share/weedbot_interfaces/rust/build.rs\n'}
[11.096982] (weedbot_interfaces) StdoutLine: {'line': b'-- Symlinking: /home/sanya/fyp/W.I.P.E.R/ROS/wiper_ws/install/weedbot_interfaces/share/weedbot_interfaces/rust/src/lib.rs\n'}
[11.107902] (weedbot_interfaces) StdoutLine: {'line': b'-- Symlinking: /home/sanya/fyp/W.I.P.E.R/ROS/wiper_ws/install/weedbot_interfaces/share/weedbot_interfaces/rust/src/msg.rs\n'}
[11.117777] (weedbot_interfaces) StdoutLine: {'line': b'-- Symlinking: /home/sanya/fyp/W.I.P.E.R/ROS/wiper_ws/install/weedbot_interfaces/share/weedbot_interfaces/rust/src/msg/rmw.rs\n'}
[11.126335] (-) TimerEvent: {}
[11.127603] (weedbot_interfaces) StdoutLine: {'line': b'-- Symlinking: /home/sanya/fyp/W.I.P.E.R/ROS/wiper_ws/install/weedbot_interfaces/share/weedbot_interfaces/msg/WeedDetection.idl\n'}
[11.139644] (weedbot_interfaces) StdoutLine: {'line': b'-- Symlinking: /home/sanya/fyp/W.I.P.E.R/ROS/wiper_ws/install/weedbot_interfaces/share/weedbot_interfaces/msg/WeedArray.idl\n'}
[11.150251] (weedbot_interfaces) StdoutLine: {'line': b'-- Symlinking: /home/sanya/fyp/W.I.P.E.R/ROS/wiper_ws/install/weedbot_interfaces/share/weedbot_interfaces/msg/WeedDetection.msg\n'}
[11.160604] (weedbot_interfaces) StdoutLine: {'line': b'-- Symlinking: /home/sanya/fyp/W.I.P.E.R/ROS/wiper_ws/install/weedbot_interfaces/share/weedbot_interfaces/msg/WeedArray.msg\n'}
[11.169880] (weedbot_interfaces) StdoutLine: {'line': b'-- Symlinking: /home/sanya/fyp/W.I.P.E.R/ROS/wiper_ws/install/weedbot_interfaces/share/ament_index/resource_index/package_run_dependencies/weedbot_interfaces\n'}
[11.179804] (weedbot_interfaces) StdoutLine: {'line': b'-- Symlinking: /home/sanya/fyp/W.I.P.E.R/ROS/wiper_ws/install/weedbot_interfaces/share/ament_index/resource_index/parent_prefix_path/weedbot_interfaces\n'}
[11.189922] (weedbot_interfaces) StdoutLine: {'line': b'-- Symlinking: /home/sanya/fyp/W.I.P.E.R/ROS/wiper_ws/install/weedbot_interfaces/share/weedbot_interfaces/environment/ament_prefix_path.sh\n'}
[11.199976] (weedbot_interfaces) StdoutLine: {'line': b'-- Symlinking: /home/sanya/fyp/W.I.P.E.R/ROS/wiper_ws/install/weedbot_interfaces/share/weedbot_interfaces/environment/ament_prefix_path.dsv\n'}
[11.209989] (weedbot_interfaces) StdoutLine: {'line': b'-- Symlinking: /home/sanya/fyp/W.I.P.E.R/ROS/wiper_ws/install/weedbot_interfaces/share/weedbot_interfaces/environment/path.sh\n'}
[11.220822] (weedbot_interfaces) StdoutLine: {'line': b'-- Symlinking: /home/sanya/fyp/W.I.P.E.R/ROS/wiper_ws/install/weedbot_interfaces/share/weedbot_interfaces/environment/path.dsv\n'}
[11.226431] (-) TimerEvent: {}
[11.230955] (weedbot_interfaces) StdoutLine: {'line': b'-- Symlinking: /home/sanya/fyp/W.I.P.E.R/ROS/wiper_ws/install/weedbot_interfaces/share/weedbot_interfaces/local_setup.bash\n'}
[11.242212] (weedbot_interfaces) StdoutLine: {'line': b'-- Symlinking: /home/sanya/fyp/W.I.P.E.R/ROS/wiper_ws/install/weedbot_interfaces/share/weedbot_interfaces/local_setup.sh\n'}
[11.251463] (weedbot_interfaces) StdoutLine: {'line': b'-- Symlinking: /home/sanya/fyp/W.I.P.E.R/ROS/wiper_ws/install/weedbot_interfaces/share/weedbot_interfaces/local_setup.zsh\n'}
[11.262024] (weedbot_interfaces) StdoutLine: {'line': b'-- Symlinking: /home/sanya/fyp/W.I.P.E.R/ROS/wiper_ws/install/weedbot_interfaces/share/weedbot_interfaces/local_setup.dsv\n'}
[11.271502] (weedbot_interfaces) StdoutLine: {'line': b'-- Symlinking: /home/sanya/fyp/W.I.P.E.R/ROS/wiper_ws/install/weedbot_interfaces/share/weedbot_interfaces/package.dsv\n'}
[11.282954] (weedbot_interfaces) StdoutLine: {'line': b'-- Symlinking: /home/sanya/fyp/W.I.P.E.R/ROS/wiper_ws/install/weedbot_interfaces/share/ament_index/resource_index/packages/weedbot_interfaces\n'}
[11.293345] (weedbot_interfaces) StdoutLine: {'line': b'-- Symlinking: /home/sanya/fyp/W.I.P.E.R/ROS/wiper_ws/install/weedbot_interfaces/share/weedbot_interfaces/cmake/rosidl_cmake-extras.cmake\n'}
[11.303512] (weedbot_interfaces) StdoutLine: {'line': b'-- Symlinking: /home/sanya/fyp/W.I.P.E.R/ROS/wiper_ws/install/weedbot_interfaces/share/weedbot_interfaces/cmake/ament_cmake_export_dependencies-extras.cmake\n'}
[11.314430] (weedbot_interfaces) StdoutLine: {'line': b'-- Symlinking: /home/sanya/fyp/W.I.P.E.R/ROS/wiper_ws/install/weedbot_interfaces/share/weedbot_interfaces/cmake/ament_cmake_export_include_directories-extras.cmake\n'}
[11.323781] (weedbot_interfaces) StdoutLine: {'line': b'-- Symlinking: /home/sanya/fyp/W.I.P.E.R/ROS/wiper_ws/install/weedbot_interfaces/share/weedbot_interfaces/cmake/ament_cmake_export_libraries-extras.cmake\n'}
[11.326525] (-) TimerEvent: {}
[11.335392] (weedbot_interfaces) StdoutLine: {'line': b'-- Symlinking: /home/sanya/fyp/W.I.P.E.R/ROS/wiper_ws/install/weedbot_interfaces/share/weedbot_interfaces/cmake/ament_cmake_export_targets-extras.cmake\n'}
[11.346284] (weedbot_interfaces) StdoutLine: {'line': b'-- Symlinking: /home/sanya/fyp/W.I.P.E.R/ROS/wiper_ws/install/weedbot_interfaces/share/weedbot_interfaces/cmake/rosidl_cmake_export_typesupport_targets-extras.cmake\n'}
[11.356205] (weedbot_interfaces) StdoutLine: {'line': b'-- Symlinking: /home/sanya/fyp/W.I.P.E.R/ROS/wiper_ws/install/weedbot_interfaces/share/weedbot_interfaces/cmake/rosidl_cmake_export_typesupport_libraries-extras.cmake\n'}
[11.365865] (weedbot_interfaces) StdoutLine: {'line': b'-- Symlinking: /home/sanya/fyp/W.I.P.E.R/ROS/wiper_ws/install/weedbot_interfaces/share/weedbot_interfaces/cmake/weedbot_interfacesConfig.cmake\n'}
[11.375295] (weedbot_interfaces) StdoutLine: {'line': b'-- Symlinking: /home/sanya/fyp/W.I.P.E.R/ROS/wiper_ws/install/weedbot_interfaces/share/weedbot_interfaces/cmake/weedbot_interfacesConfig-version.cmake\n'}
[11.385366] (weedbot_interfaces) StdoutLine: {'line': b'-- Symlinking: /home/sanya/fyp/W.I.P.E.R/ROS/wiper_ws/install/weedbot_interfaces/share/weedbot_interfaces/package.xml\n'}
[11.394616] (weedbot_interfaces) StdoutLine: {'line': b'-- Installing: /home/sanya/fyp/W.I.P.E.R/ROS/wiper_ws/install/weedbot_interfaces/lib/libweedbot_interfaces__rosidl_generator_c.so\n'}
[11.395262] (weedbot_interfaces) StdoutLine: {'line': b'-- Set non-toolchain portion of runtime path of "/home/sanya/fyp/W.I.P.E.R/ROS/wiper_ws/install/weedbot_interfaces/lib/libweedbot_interfaces__rosidl_generator_c.so" to ""\n'}
[11.395453] (weedbot_interfaces) StdoutLine: {'line': b'-- Installing: /home/sanya/fyp/W.I.P.E.R/ROS/wiper_ws/install/weedbot_interfaces/lib/libweedbot_interfaces__rosidl_typesupport_fastrtps_c.so\n'}
[11.396293] (weedbot_interfaces) StdoutLine: {'line': b'-- Set non-toolchain portion of runtime path of "/home/sanya/fyp/W.I.P.E.R/ROS/wiper_ws/install/weedbot_interfaces/lib/libweedbot_interfaces__rosidl_typesupport_fastrtps_c.so" to ""\n'}
[11.396760] (weedbot_interfaces) StdoutLine: {'line': b'-- Installing: /home/sanya/fyp/W.I.P.E.R/ROS/wiper_ws/install/weedbot_interfaces/lib/libweedbot_interfaces__rosidl_typesupport_fastrtps_cpp.so\n'}
[11.397359] (weedbot_interfaces) StdoutLine: {'line': b'-- Set non-toolchain portion of runtime path of "/home/sanya/fyp/W.I.P.E.R/ROS/wiper_ws/install/weedbot_interfaces/lib/libweedbot_interfaces__rosidl_typesupport_fastrtps_cpp.so" to ""\n'}
[11.397595] (weedbot_interfaces) StdoutLine: {'line': b'-- Installing: /home/sanya/fyp/W.I.P.E.R/ROS/wiper_ws/install/weedbot_interfaces/lib/libweedbot_interfaces__rosidl_typesupport_introspection_c.so\n'}
[11.398029] (weedbot_interfaces) StdoutLine: {'line': b'-- Set non-toolchain portion of runtime path of "/home/sanya/fyp/W.I.P.E.R/ROS/wiper_ws/install/weedbot_interfaces/lib/libweedbot_interfaces__rosidl_typesupport_introspection_c.so" to ""\n'}
[11.398257] (weedbot_interfaces) StdoutLine: {'line': b'-- Installing: /home/sanya/fyp/W.I.P.E.R/ROS/wiper_ws/install/weedbot_interfaces/lib/libweedbot_interfaces__rosidl_typesupport_c.so\n'}
[11.398606] (weedbot_interfaces) StdoutLine: {'line': b'-- Set non-toolchain portion of runtime path of "/home/sanya/fyp/W.I.P.E.R/ROS/wiper_ws/install/weedbot_interfaces/lib/libweedbot_interfaces__rosidl_typesupport_c.so" to ""\n'}
[11.398807] (weedbot_interfaces) StdoutLine: {'line': b'-- Installing: /home/sanya/fyp/W.I.P.E.R/ROS/wiper_ws/install/weedbot_interfaces/lib/libweedbot_interfaces__rosidl_typesupport_introspection_cpp.so\n'}
[11.399445] (weedbot_interfaces) StdoutLine: {'line': b'-- Set non-toolchain portion of runtime path of "/home/sanya/fyp/W.I.P.E.R/ROS/wiper_ws/install/weedbot_interfaces/lib/libweedbot_interfaces__rosidl_typesupport_introspection_cpp.so" to ""\n'}
[11.399689] (weedbot_interfaces) StdoutLine: {'line': b'-- Installing: /home/sanya/fyp/W.I.P.E.R/ROS/wiper_ws/install/weedbot_interfaces/lib/libweedbot_interfaces__rosidl_typesupport_cpp.so\n'}
[11.400027] (weedbot_interfaces) StdoutLine: {'line': b'-- Set non-toolchain portion of runtime path of "/home/sanya/fyp/W.I.P.E.R/ROS/wiper_ws/install/weedbot_interfaces/lib/libweedbot_interfaces__rosidl_typesupport_cpp.so" to ""\n'}
[11.426614] (-) TimerEvent: {}
[11.444532] (weedbot_interfaces) StdoutLine: {'line': b"Listing '/home/sanya/fyp/W.I.P.E.R/ROS/wiper_ws/install/weedbot_interfaces/lib/python3.12/site-packages/weedbot_interfaces'...\n"}
[11.444762] (weedbot_interfaces) StdoutLine: {'line': b"Compiling '/home/sanya/fyp/W.I.P.E.R/ROS/wiper_ws/install/weedbot_interfaces/lib/python3.12/site-packages/weedbot_interfaces/__init__.py'...\n"}
[11.444857] (weedbot_interfaces) StdoutLine: {'line': b"Listing '/home/sanya/fyp/W.I.P.E.R/ROS/wiper_ws/install/weedbot_interfaces/lib/python3.12/site-packages/weedbot_interfaces/msg'...\n"}
[11.444938] (weedbot_interfaces) StdoutLine: {'line': b"Compiling '/home/sanya/fyp/W.I.P.E.R/ROS/wiper_ws/install/weedbot_interfaces/lib/python3.12/site-packages/weedbot_interfaces/msg/__init__.py'...\n"}
[11.445039] (weedbot_interfaces) StdoutLine: {'line': b"Compiling '/home/sanya/fyp/W.I.P.E.R/ROS/wiper_ws/install/weedbot_interfaces/lib/python3.12/site-packages/weedbot_interfaces/msg/_weed_array.py'...\n"}
[11.445144] (weedbot_interfaces) StdoutLine: {'line': b"Compiling '/home/sanya/fyp/W.I.P.E.R/ROS/wiper_ws/install/weedbot_interfaces/lib/python3.12/site-packages/weedbot_interfaces/msg/_weed_detection.py'...\n"}
[11.450937] (weedbot_interfaces) StdoutLine: {'line': b'-- Installing: /home/sanya/fyp/W.I.P.E.R/ROS/wiper_ws/install/weedbot_interfaces/lib/libweedbot_interfaces__rosidl_generator_py.so\n'}
[11.451574] (weedbot_interfaces) StdoutLine: {'line': b'-- Set non-toolchain portion of runtime path of "/home/sanya/fyp/W.I.P.E.R/ROS/wiper_ws/install/weedbot_interfaces/lib/libweedbot_interfaces__rosidl_generator_py.so" to ""\n'}
[11.451759] (weedbot_interfaces) StdoutLine: {'line': b'-- Installing: /home/sanya/fyp/W.I.P.E.R/ROS/wiper_ws/install/weedbot_interfaces/share/weedbot_interfaces/cmake/export_weedbot_interfaces__rosidl_generator_cExport.cmake\n'}
[11.451916] (weedbot_interfaces) StdoutLine: {'line': b'-- Installing: /home/sanya/fyp/W.I.P.E.R/ROS/wiper_ws/install/weedbot_interfaces/share/weedbot_interfaces/cmake/export_weedbot_interfaces__rosidl_generator_cExport-noconfig.cmake\n'}
[11.452120] (weedbot_interfaces) StdoutLine: {'line': b'-- Installing: /home/sanya/fyp/W.I.P.E.R/ROS/wiper_ws/install/weedbot_interfaces/share/weedbot_interfaces/cmake/export_weedbot_interfaces__rosidl_typesupport_fastrtps_cExport.cmake\n'}
[11.452346] (weedbot_interfaces) StdoutLine: {'line': b'-- Installing: /home/sanya/fyp/W.I.P.E.R/ROS/wiper_ws/install/weedbot_interfaces/share/weedbot_interfaces/cmake/export_weedbot_interfaces__rosidl_typesupport_fastrtps_cExport-noconfig.cmake\n'}
[11.452598] (weedbot_interfaces) StdoutLine: {'line': b'-- Installing: /home/sanya/fyp/W.I.P.E.R/ROS/wiper_ws/install/weedbot_interfaces/share/weedbot_interfaces/cmake/export_weedbot_interfaces__rosidl_generator_cppExport.cmake\n'}
[11.452803] (weedbot_interfaces) StdoutLine: {'line': b'-- Installing: /home/sanya/fyp/W.I.P.E.R/ROS/wiper_ws/install/weedbot_interfaces/share/weedbot_interfaces/cmake/export_weedbot_interfaces__rosidl_typesupport_fastrtps_cppExport.cmake\n'}
[11.452997] (weedbot_interfaces) StdoutLine: {'line': b'-- Installing: /home/sanya/fyp/W.I.P.E.R/ROS/wiper_ws/install/weedbot_interfaces/share/weedbot_interfaces/cmake/export_weedbot_interfaces__rosidl_typesupport_fastrtps_cppExport-noconfig.cmake\n'}
[11.453225] (weedbot_interfaces) StdoutLine: {'line': b'-- Installing: /home/sanya/fyp/W.I.P.E.R/ROS/wiper_ws/install/weedbot_interfaces/share/weedbot_interfaces/cmake/weedbot_interfaces__rosidl_typesupport_introspection_cExport.cmake\n'}
[11.453427] (weedbot_interfaces) StdoutLine: {'line': b'-- Installing: /home/sanya/fyp/W.I.P.E.R/ROS/wiper_ws/install/weedbot_interfaces/share/weedbot_interfaces/cmake/weedbot_interfaces__rosidl_typesupport_introspection_cExport-noconfig.cmake\n'}
[11.453635] (weedbot_interfaces) StdoutLine: {'line': b'-- Installing: /home/sanya/fyp/W.I.P.E.R/ROS/wiper_ws/install/weedbot_interfaces/share/weedbot_interfaces/cmake/weedbot_interfaces__rosidl_typesupport_cExport.cmake\n'}
[11.453856] (weedbot_interfaces) StdoutLine: {'line': b'-- Installing: /home/sanya/fyp/W.I.P.E.R/ROS/wiper_ws/install/weedbot_interfaces/share/weedbot_interfaces/cmake/weedbot_interfaces__rosidl_typesupport_cExport-noconfig.cmake\n'}
[11.454043] (weedbot_interfaces) StdoutLine: {'line': b'-- Installing: /home/sanya/fyp/W.I.P.E.R/ROS/wiper_ws/install/weedbot_interfaces/share/weedbot_interfaces/cmake/weedbot_interfaces__rosidl_typesupport_introspection_cppExport.cmake\n'}
[11.454290] (weedbot_interfaces) StdoutLine: {'line': b'-- Installing: /home/sanya/fyp/W.I.P.E.R/ROS/wiper_ws/install/weedbot_interfaces/share/weedbot_interfaces/cmake/weedbot_interfaces__rosidl_typesupport_introspection_cppExport-noconfig.cmake\n'}
[11.454501] (weedbot_interfaces) StdoutLine: {'line': b'-- Installing: /home/sanya/fyp/W.I.P.E.R/ROS/wiper_ws/install/weedbot_interfaces/share/weedbot_interfaces/cmake/weedbot_interfaces__rosidl_typesupport_cppExport.cmake\n'}
[11.454730] (weedbot_interfaces) StdoutLine: {'line': b'-- Installing: /home/sanya/fyp/W.I.P.E.R/ROS/wiper_ws/install/weedbot_interfaces/share/weedbot_interfaces/cmake/weedbot_interfaces__rosidl_typesupport_cppExport-noconfig.cmake\n'}
[11.454920] (weedbot_interfaces) StdoutLine: {'line': b'-- Installing: /home/sanya/fyp/W.I.P.E.R/ROS/wiper_ws/install/weedbot_interfaces/share/weedbot_interfaces/cmake/export_weedbot_interfaces__rosidl_generator_pyExport.cmake\n'}
[11.455126] (weedbot_interfaces) StdoutLine: {'line': b'-- Installing: /home/sanya/fyp/W.I.P.E.R/ROS/wiper_ws/install/weedbot_interfaces/share/weedbot_interfaces/cmake/export_weedbot_interfaces__rosidl_generator_pyExport-noconfig.cmake\n'}
[11.458155] (weedbot_interfaces) CommandEnded: {'returncode': 0}
[11.476170] (weedbot_interfaces) JobEnded: {'identifier': 'weedbot_interfaces', 'rc': 0}
[11.476799] (weedbot_control) JobStarted: {'identifier': 'weedbot_control'}
[11.481686] (weedbot_vision) JobStarted: {'identifier': 'weedbot_vision'}
[11.526737] (-) TimerEvent: {}
[11.626998] (-) TimerEvent: {}
[11.727262] (-) TimerEvent: {}
[11.827498] (-) TimerEvent: {}
[11.927753] (-) TimerEvent: {}
[12.028014] (-) TimerEvent: {}
[12.128276] (-) TimerEvent: {}
[12.228542] (-) TimerEvent: {}
[12.328803] (-) TimerEvent: {}
[12.429061] (-) TimerEvent: {}
[12.517112] (weedbot_vision) Command: {'cmd': ['/usr/bin/python3', '-W', 'ignore:setup.py install is deprecated', '-W', 'ignore:easy_install command is deprecated', 'setup.py', 'develop', '--editable', '--build-directory', '/home/sanya/fyp/W.I.P.E.R/ROS/wiper_ws/build/weedbot_vision/build', '--no-deps', 'symlink_data'], 'cwd': '/home/sanya/fyp/W.I.P.E.R/ROS/wiper_ws/build/weedbot_vision', 'env': {'LESSOPEN': '| /usr/bin/lesspipe %s', 'USER': 'sanya', 'XDG_SESSION_TYPE': 'wayland', 'CLUTTER_DISABLE_MIPMAPPED_TEXT': '1', 'SHLVL': '1', 'LD_LIBRARY_PATH': '/home/sanya/fyp/W.I.P.E.R/ROS/wiper_ws/install/weedbot_interfaces/lib:/opt/ros/jazzy/opt/rviz_ogre_vendor/lib:/opt/ros/jazzy/lib/x86_64-linux-gnu:/opt/ros/jazzy/opt/gz_math_vendor/lib:/opt/ros/jazzy/opt/gz_utils_vendor/lib:/opt/ros/jazzy/opt/gz_cmake_vendor/lib:/opt/ros/jazzy/lib', 'HOME': '/home/sanya', 'OLDPWD': '/home/sanya/fyp/W.I.P.E.R/ROS/wiper_ws/src', 'DESKTOP_SESSION': 'ubuntu', 'ROS_PYTHON_VERSION': '3', 'GNOME_SHELL_SESSION_MODE': 'ubuntu', 'GTK_MODULES': 'gail:atk-bridge', 'SYSTEMD_EXEC_PID': '2275', 'GSM_SKIP_SSH_AGENT_WORKAROUND': 'true', 'DBUS_SESSION_BUS_ADDRESS': 'unix:path=/run/user/1000/bus', 'COLORTERM': 'truecolor', 'DEBUGINFOD_URLS': 'https://debuginfod.ubuntu.com', 'IM_CONFIG_PHASE': '1', 'WAYLAND_DISPLAY': 'wayland-0', 'COLCON_PREFIX_PATH': '/home/sanya/fyp/W.I.P.E.R/ROS/wiper_ws/install', 'ROS_DISTRO': 'jazzy', 'LOGNAME': 'sanya', '_': '/usr/bin/colcon', 'ROS_VERSION': '2', 'MEMORY_PRESSURE_WATCH': '/sys/fs/cgroup/user.slice/user-1000.slice/user@1000.service/session.slice/org.gnome.Shell@wayland.service/memory.pressure', 'XDG_SESSION_CLASS': 'user', 'USERNAME': 'sanya', 'TERM': 'xterm-256color', 'GNOME_DESKTOP_SESSION_ID': 'this-is-deprecated', 'PATH': '/opt/ros/jazzy/bin:/home/sanya/.local/bin:/usr/local/sbin:/usr/local/bin:/usr/sbin:/usr/bin:/sbin:/bin:/usr/games:/usr/local/games:/snap/bin:/snap/bin', 'SESSION_MANAGER': 'local/sanya-R14P-Series:@/tmp/.ICE-unix/2234,unix/sanya-R14P-Series:/tmp/.ICE-unix/2234', 'XDG_MENU_PREFIX': 'gnome-', 'GNOME_TERMINAL_SCREEN': '/org/gnome/Terminal/screen/b8b13466_d57a_4770_859c_edd913d8fc08', 'GNOME_SETUP_DISPLAY': ':1', 'XDG_RUNTIME_DIR': '/run/user/1000', 'DISPLAY': ':0', 'LANG': 'en_US.UTF-8', 'XDG_CURRENT_DESKTOP': 'ubuntu:GNOME', 'XMODIFIERS': '@im=ibus', 'XDG_SESSION_DESKTOP': 'ubuntu', 'XAUTHORITY': '/run/user/1000/.mutter-Xwaylandauth.11S1N3', 'LS_COLORS': 'rs=0:di=01;34:ln=01;36:mh=00:pi=40;33:so=01;35:do=01;35:bd=40;33;01:cd=40;33;01:or=40;31;01:mi=00:su=37;41:sg=30;43:ca=00:tw=30;42:ow=34;42:st=37;44:ex=01;32:*.tar=01;31:*.tgz=01;31:*.arc=01;31:*.arj=01;31:*.taz=01;31:*.lha=01;31:*.lz4=01;31:*.lzh=01;31:*.lzma=01;31:*.tlz=01;31:*.txz=01;31:*.tzo=01;31:*.t7z=01;31:*.zip=01;31:*.z=01;31:*.dz=01;31:*.gz=01;31:*.lrz=01;31:*.lz=01;31:*.lzo=01;31:*.xz=01;31:*.zst=01;31:*.tzst=01;31:*.bz2=01;31:*.bz=01;31:*.tbz=01;31:*.tbz2=01;31:*.tz=01;31:*.deb=01;31:*.rpm=01;31:*.jar=01;31:*.war=01;31:*.ear=01;31:*.sar=01;31:*.rar=01;31:*.alz=01;31:*.ace=01;31:*.zoo=01;31:*.cpio=01;31:*.7z=01;31:*.rz=01;31:*.cab=01;31:*.wim=01;31:*.swm=01;31:*.dwm=01;31:*.esd=01;31:*.avif=01;35:*.jpg=01;35:*.jpeg=01;35:*.mjpg=01;35:*.mjpeg=01;35:*.gif=01;35:*.bmp=01;35:*.pbm=01;35:*.pgm=01;35:*.ppm=01;35:*.tga=01;35:*.xbm=01;35:*.xpm=01;35:*.tif=01;35:*.tiff=01;35:*.png=01;35:*.svg=01;35:*.svgz=01;35:*.mng=01;35:*.pcx=01;35:*.mov=01;35:*.mpg=01;35:*.mpeg=01;35:*.m2v=01;35:*.mkv=01;35:*.webm=01;35:*.webp=01;35:*.ogm=01;35:*.mp4=01;35:*.m4v=01;35:*.mp4v=01;35:*.vob=01;35:*.qt=01;35:*.nuv=01;35:*.wmv=01;35:*.asf=01;35:*.rm=01;35:*.rmvb=01;35:*.flc=01;35:*.avi=01;35:*.fli=01;35:*.flv=01;35:*.gl=01;35:*.dl=01;35:*.xcf=01;35:*.xwd=01;35:*.yuv=01;35:*.cgm=01;35:*.emf=01;35:*.ogv=01;35:*.ogx=01;35:*.aac=00;36:*.au=00;36:*.flac=00;36:*.m4a=00;36:*.mid=00;36:*.midi=00;36:*.mka=00;36:*.mp3=00;36:*.mpc=00;36:*.ogg=00;36:*.ra=00;36:*.wav=00;36:*.oga=00;36:*.opus=00;36:*.spx=00;36:*.xspf=00;36:*~=00;90:*#=00;90:*.bak=00;90:*.crdownload=00;90:*.dpkg-dist=00;90:*.dpkg-new=00;90:*.dpkg-old=00;90:*.dpkg-tmp=00;90:*.old=00;90:*.orig=00;90:*.part=00;90:*.rej=00;90:*.rpmnew=00;90:*.rpmorig=00;90:*.rpmsave=00;90:*.swp=00;90:*.tmp=00;90:*.ucf-dist=00;90:*.ucf-new=00;90:*.ucf-old=00;90:', 'GNOME_TERMINAL_SERVICE': ':1.117', 'SSH_AUTH_SOCK': '/run/user/1000/keyring/ssh', 'AMENT_PREFIX_PATH': '/home/sanya/fyp/W.I.P.E.R/ROS/wiper_ws/install/weedbot_vision:/home/sanya/fyp/W.I.P.E.R/ROS/wiper_ws/install/weedbot_simulation:/home/sanya/fyp/W.I.P.E.R/ROS/wiper_ws/install/weedbot_control:/home/sanya/fyp/W.I.P.E.R/ROS/wiper_ws/install/weedbot_interfaces:/opt/ros/jazzy', 'SHELL': '/bin/bash', 'QT_ACCESSIBILITY': '1', 'GDMSESSION': 'ubuntu', 'LESSCLOSE': '/usr/bin/lesspipe %s %s', 'ROS_AUTOMATIC_DISCOVERY_RANGE': 'SUBNET', 'QT_IM_MODULE': 'ibus', 'PWD': '/home/sanya/fyp/W.I.P.E.R/ROS/wiper_ws/build/weedbot_vision', 'LC_ALL': 'en_US.UTF-8', 'XDG_CONFIG_DIRS': '/etc/xdg/xdg-ubuntu:/etc/xdg', 'XDG_DATA_DIRS': '/usr/share/ubuntu:/usr/share/gnome:/usr/local/share/:/usr/share/:/var/lib/snapd/desktop', 'PYTHONPATH': '/home/sanya/fyp/W.I.P.E.R/ROS/wiper_ws/build/weedbot_vision/prefix_override:/usr/lib/python3/dist-packages/colcon_core/task/python/colcon_distutils_commands:/home/sanya/fyp/W.I.P.E.R/ROS/wiper_ws/install/weedbot_vision/lib/python3.12/site-packages:/home/sanya/fyp/W.I.P.E.R/ROS/wiper_ws/install/weedbot_interfaces/lib/python3.12/site-packages:/home/sanya/fyp/W.I.P.E.R/ROS/wiper_ws/build/weedbot_vision:/home/sanya/fyp/W.I.P.E.R/ROS/wiper_ws/install/weedbot_vision/lib/python3.12/site-packages:/home/sanya/fyp/W.I.P.E.R/ROS/wiper_ws/build/weedbot_simulation:/home/sanya/fyp/W.I.P.E.R/ROS/wiper_ws/install/weedbot_simulation/lib/python3.12/site-packages:/home/sanya/fyp/W.I.P.E.R/ROS/wiper_ws/build/weedbot_control:/home/sanya/fyp/W.I.P.E.R/ROS/wiper_ws/install/weedbot_control/lib/python3.12/site-packages:/opt/ros/jazzy/lib/python3.12/site-packages', 'COLCON': '1', 'MEMORY_PRESSURE_WRITE': 'c29tZSAyMDAwMDAgMjAwMDAwMAA=', 'VTE_VERSION': '7600', 'CMAKE_PREFIX_PATH': '/home/sanya/fyp/W.I.P.E.R/ROS/wiper_ws/install/weedbot_interfaces:/opt/ros/jazzy/opt/gz_math_vendor:/opt/ros/jazzy/opt/gz_utils_vendor:/opt/ros/jazzy/opt/gz_cmake_vendor'}, 'shell': False}
[12.518462] (weedbot_control) Command: {'cmd': ['/usr/bin/python3', '-W', 'ignore:setup.py install is deprecated', '-W', 'ignore:easy_install command is deprecated', 'setup.py', 'develop', '--editable', '--build-directory', '/home/sanya/fyp/W.I.P.E.R/ROS/wiper_ws/build/weedbot_control/build', '--no-deps', 'symlink_data'], 'cwd': '/home/sanya/fyp/W.I.P.E.R/ROS/wiper_ws/build/weedbot_control', 'env': {'LESSOPEN': '| /usr/bin/lesspipe %s', 'USER': 'sanya', 'XDG_SESSION_TYPE': 'wayland', 'CLUTTER_DISABLE_MIPMAPPED_TEXT': '1', 'SHLVL': '1', 'LD_LIBRARY_PATH': '/home/sanya/fyp/W.I.P.E.R/ROS/wiper_ws/install/weedbot_interfaces/lib:/opt/ros/jazzy/opt/rviz_ogre_vendor/lib:/opt/ros/jazzy/lib/x86_64-linux-gnu:/opt/ros/jazzy/opt/gz_math_vendor/lib:/opt/ros/jazzy/opt/gz_utils_vendor/lib:/opt/ros/jazzy/opt/gz_cmake_vendor/lib:/opt/ros/jazzy/lib', 'HOME': '/home/sanya', 'OLDPWD': '/home/sanya/fyp/W.I.P.E.R/ROS/wiper_ws/src', 'DESKTOP_SESSION': 'ubuntu', 'ROS_PYTHON_VERSION': '3', 'GNOME_SHELL_SESSION_MODE': 'ubuntu', 'GTK_MODULES': 'gail:atk-bridge', 'SYSTEMD_EXEC_PID': '2275', 'GSM_SKIP_SSH_AGENT_WORKAROUND': 'true', 'DBUS_SESSION_BUS_ADDRESS': 'unix:path=/run/user/1000/bus', 'COLORTERM': 'truecolor', 'DEBUGINFOD_URLS': 'https://debuginfod.ubuntu.com', 'IM_CONFIG_PHASE': '1', 'WAYLAND_DISPLAY': 'wayland-0', 'COLCON_PREFIX_PATH': '/home/sanya/fyp/W.I.P.E.R/ROS/wiper_ws/install', 'ROS_DISTRO': 'jazzy', 'LOGNAME': 'sanya', '_': '/usr/bin/colcon', 'ROS_VERSION': '2', 'MEMORY_PRESSURE_WATCH': '/sys/fs/cgroup/user.slice/user-1000.slice/user@1000.service/session.slice/org.gnome.Shell@wayland.service/memory.pressure', 'XDG_SESSION_CLASS': 'user', 'USERNAME': 'sanya', 'TERM': 'xterm-256color', 'GNOME_DESKTOP_SESSION_ID': 'this-is-deprecated', 'PATH': '/opt/ros/jazzy/bin:/home/sanya/.local/bin:/usr/local/sbin:/usr/local/bin:/usr/sbin:/usr/bin:/sbin:/bin:/usr/games:/usr/local/games:/snap/bin:/snap/bin', 'SESSION_MANAGER': 'local/sanya-R14P-Series:@/tmp/.ICE-unix/2234,unix/sanya-R14P-Series:/tmp/.ICE-unix/2234', 'XDG_MENU_PREFIX': 'gnome-', 'GNOME_TERMINAL_SCREEN': '/org/gnome/Terminal/screen/b8b13466_d57a_4770_859c_edd913d8fc08', 'GNOME_SETUP_DISPLAY': ':1', 'XDG_RUNTIME_DIR': '/run/user/1000', 'DISPLAY': ':0', 'LANG': 'en_US.UTF-8', 'XDG_CURRENT_DESKTOP': 'ubuntu:GNOME', 'XMODIFIERS': '@im=ibus', 'XDG_SESSION_DESKTOP': 'ubuntu', 'XAUTHORITY': '/run/user/1000/.mutter-Xwaylandauth.11S1N3', 'LS_COLORS': 'rs=0:di=01;34:ln=01;36:mh=00:pi=40;33:so=01;35:do=01;35:bd=40;33;01:cd=40;33;01:or=40;31;01:mi=00:su=37;41:sg=30;43:ca=00:tw=30;42:ow=34;42:st=37;44:ex=01;32:*.tar=01;31:*.tgz=01;31:*.arc=01;31:*.arj=01;31:*.taz=01;31:*.lha=01;31:*.lz4=01;31:*.lzh=01;31:*.lzma=01;31:*.tlz=01;31:*.txz=01;31:*.tzo=01;31:*.t7z=01;31:*.zip=01;31:*.z=01;31:*.dz=01;31:*.gz=01;31:*.lrz=01;31:*.lz=01;31:*.lzo=01;31:*.xz=01;31:*.zst=01;31:*.tzst=01;31:*.bz2=01;31:*.bz=01;31:*.tbz=01;31:*.tbz2=01;31:*.tz=01;31:*.deb=01;31:*.rpm=01;31:*.jar=01;31:*.war=01;31:*.ear=01;31:*.sar=01;31:*.rar=01;31:*.alz=01;31:*.ace=01;31:*.zoo=01;31:*.cpio=01;31:*.7z=01;31:*.rz=01;31:*.cab=01;31:*.wim=01;31:*.swm=01;31:*.dwm=01;31:*.esd=01;31:*.avif=01;35:*.jpg=01;35:*.jpeg=01;35:*.mjpg=01;35:*.mjpeg=01;35:*.gif=01;35:*.bmp=01;35:*.pbm=01;35:*.pgm=01;35:*.ppm=01;35:*.tga=01;35:*.xbm=01;35:*.xpm=01;35:*.tif=01;35:*.tiff=01;35:*.png=01;35:*.svg=01;35:*.svgz=01;35:*.mng=01;35:*.pcx=01;35:*.mov=01;35:*.mpg=01;35:*.mpeg=01;35:*.m2v=01;35:*.mkv=01;35:*.webm=01;35:*.webp=01;35:*.ogm=01;35:*.mp4=01;35:*.m4v=01;35:*.mp4v=01;35:*.vob=01;35:*.qt=01;35:*.nuv=01;35:*.wmv=01;35:*.asf=01;35:*.rm=01;35:*.rmvb=01;35:*.flc=01;35:*.avi=01;35:*.fli=01;35:*.flv=01;35:*.gl=01;35:*.dl=01;35:*.xcf=01;35:*.xwd=01;35:*.yuv=01;35:*.cgm=01;35:*.emf=01;35:*.ogv=01;35:*.ogx=01;35:*.aac=00;36:*.au=00;36:*.flac=00;36:*.m4a=00;36:*.mid=00;36:*.midi=00;36:*.mka=00;36:*.mp3=00;36:*.mpc=00;36:*.ogg=00;36:*.ra=00;36:*.wav=00;36:*.oga=00;36:*.opus=00;36:*.spx=00;36:*.xspf=00;36:*~=00;90:*#=00;90:*.bak=00;90:*.crdownload=00;90:*.dpkg-dist=00;90:*.dpkg-new=00;90:*.dpkg-old=00;90:*.dpkg-tmp=00;90:*.old=00;90:*.orig=00;90:*.part=00;90:*.rej=00;90:*.rpmnew=00;90:*.rpmorig=00;90:*.rpmsave=00;90:*.swp=00;90:*.tmp=00;90:*.ucf-dist=00;90:*.ucf-new=00;90:*.ucf-old=00;90:', 'GNOME_TERMINAL_SERVICE': ':1.117', 'SSH_AUTH_SOCK': '/run/user/1000/keyring/ssh', 'AMENT_PREFIX_PATH': '/home/sanya/fyp/W.I.P.E.R/ROS/wiper_ws/install/weedbot_vision:/home/sanya/fyp/W.I.P.E.R/ROS/wiper_ws/install/weedbot_simulation:/home/sanya/fyp/W.I.P.E.R/ROS/wiper_ws/install/weedbot_control:/home/sanya/fyp/W.I.P.E.R/ROS/wiper_ws/install/weedbot_interfaces:/opt/ros/jazzy', 'SHELL': '/bin/bash', 'QT_ACCESSIBILITY': '1', 'GDMSESSION': 'ubuntu', 'LESSCLOSE': '/usr/bin/lesspipe %s %s', 'ROS_AUTOMATIC_DISCOVERY_RANGE': 'SUBNET', 'QT_IM_MODULE': 'ibus', 'PWD': '/home/sanya/fyp/W.I.P.E.R/ROS/wiper_ws/build/weedbot_control', 'LC_ALL': 'en_US.UTF-8', 'XDG_CONFIG_DIRS': '/etc/xdg/xdg-ubuntu:/etc/xdg', 'XDG_DATA_DIRS': '/usr/share/ubuntu:/usr/share/gnome:/usr/local/share/:/usr/share/:/var/lib/snapd/desktop', 'PYTHONPATH': '/home/sanya/fyp/W.I.P.E.R/ROS/wiper_ws/build/weedbot_control/prefix_override:/usr/lib/python3/dist-packages/colcon_core/task/python/colcon_distutils_commands:/home/sanya/fyp/W.I.P.E.R/ROS/wiper_ws/install/weedbot_control/lib/python3.12/site-packages:/home/sanya/fyp/W.I.P.E.R/ROS/wiper_ws/install/weedbot_interfaces/lib/python3.12/site-packages:/home/sanya/fyp/W.I.P.E.R/ROS/wiper_ws/build/weedbot_vision:/home/sanya/fyp/W.I.P.E.R/ROS/wiper_ws/install/weedbot_vision/lib/python3.12/site-packages:/home/sanya/fyp/W.I.P.E.R/ROS/wiper_ws/build/weedbot_simulation:/home/sanya/fyp/W.I.P.E.R/ROS/wiper_ws/install/weedbot_simulation/lib/python3.12/site-packages:/home/sanya/fyp/W.I.P.E.R/ROS/wiper_ws/build/weedbot_control:/home/sanya/fyp/W.I.P.E.R/ROS/wiper_ws/install/weedbot_control/lib/python3.12/site-packages:/opt/ros/jazzy/lib/python3.12/site-packages', 'COLCON': '1', 'MEMORY_PRESSURE_WRITE': 'c29tZSAyMDAwMDAgMjAwMDAwMAA=', 'VTE_VERSION': '7600', 'CMAKE_PREFIX_PATH': '/home/sanya/fyp/W.I.P.E.R/ROS/wiper_ws/install/weedbot_interfaces:/opt/ros/jazzy/opt/gz_math_vendor:/opt/ros/jazzy/opt/gz_utils_vendor:/opt/ros/jazzy/opt/gz_cmake_vendor'}, 'shell': False}
[12.529140] (-) TimerEvent: {}
[12.629374] (-) TimerEvent: {}
[12.729634] (-) TimerEvent: {}
[12.820386] (weedbot_vision) StdoutLine: {'line': b'running develop\n'}
[12.823112] (weedbot_control) StdoutLine: {'line': b'running develop\n'}
[12.829706] (-) TimerEvent: {}
[12.929917] (-) TimerEvent: {}
[13.015522] (weedbot_vision) StdoutLine: {'line': b'running egg_info\n'}
[13.015754] (weedbot_vision) StdoutLine: {'line': b'creating weedbot_vision.egg-info\n'}
[13.020344] (weedbot_control) StdoutLine: {'line': b'running egg_info\n'}
[13.020506] (weedbot_control) StdoutLine: {'line': b'creating weedbot_control.egg-info\n'}
[13.029991] (-) TimerEvent: {}
[13.035541] (weedbot_vision) StdoutLine: {'line': b'writing weedbot_vision.egg-info/PKG-INFO\n'}
[13.035884] (weedbot_vision) StdoutLine: {'line': b'writing dependency_links to weedbot_vision.egg-info/dependency_links.txt\n'}
[13.036104] (weedbot_vision) StdoutLine: {'line': b'writing entry points to weedbot_vision.egg-info/entry_points.txt\n'}
[13.036294] (weedbot_vision) StdoutLine: {'line': b'writing requirements to weedbot_vision.egg-info/requires.txt\n'}
[13.036477] (weedbot_vision) StdoutLine: {'line': b'writing top-level names to weedbot_vision.egg-info/top_level.txt\n'}
[13.036580] (weedbot_vision) StdoutLine: {'line': b"writing manifest file 'weedbot_vision.egg-info/SOURCES.txt'\n"}
[13.042263] (weedbot_control) StdoutLine: {'line': b'writing weedbot_control.egg-info/PKG-INFO\n'}
[13.042553] (weedbot_control) StdoutLine: {'line': b'writing dependency_links to weedbot_control.egg-info/dependency_links.txt\n'}
[13.042745] (weedbot_control) StdoutLine: {'line': b'writing entry points to weedbot_control.egg-info/entry_points.txt\n'}
[13.042929] (weedbot_control) StdoutLine: {'line': b'writing requirements to weedbot_control.egg-info/requires.txt\n'}
[13.043121] (weedbot_control) StdoutLine: {'line': b'writing top-level names to weedbot_control.egg-info/top_level.txt\n'}
[13.043283] (weedbot_control) StdoutLine: {'line': b"writing manifest file 'weedbot_control.egg-info/SOURCES.txt'\n"}
[13.075733] (weedbot_vision) StdoutLine: {'line': b"reading manifest file 'weedbot_vision.egg-info/SOURCES.txt'\n"}
[13.076263] (weedbot_vision) StdoutLine: {'line': b"writing manifest file 'weedbot_vision.egg-info/SOURCES.txt'\n"}
[13.082519] (weedbot_control) StdoutLine: {'line': b"reading manifest file 'weedbot_control.egg-info/SOURCES.txt'\n"}
[13.083127] (weedbot_control) StdoutLine: {'line': b"writing manifest file 'weedbot_control.egg-info/SOURCES.txt'\n"}
[13.096277] (weedbot_vision) StdoutLine: {'line': b'running build_ext\n'}
[13.096454] (weedbot_vision) StdoutLine: {'line': b'Creating /home/sanya/fyp/W.I.P.E.R/ROS/wiper_ws/install/weedbot_vision/lib/python3.12/site-packages/weedbot-vision.egg-link (link to .)\n'}
[13.096904] (weedbot_vision) StdoutLine: {'line': b'Installing camera_calibration script to /home/sanya/fyp/W.I.P.E.R/ROS/wiper_ws/install/weedbot_vision/lib/weedbot_vision\n'}
[13.097114] (weedbot_vision) StdoutLine: {'line': b'Installing camera_publisher script to /home/sanya/fyp/W.I.P.E.R/ROS/wiper_ws/install/weedbot_vision/lib/weedbot_vision\n'}
[13.097293] (weedbot_vision) StdoutLine: {'line': b'Installing detection_monitor script to /home/sanya/fyp/W.I.P.E.R/ROS/wiper_ws/install/weedbot_vision/lib/weedbot_vision\n'}
[13.097442] (weedbot_vision) StdoutLine: {'line': b'Installing vision_node script to /home/sanya/fyp/W.I.P.E.R/ROS/wiper_ws/install/weedbot_vision/lib/weedbot_vision\n'}
[13.097579] (weedbot_vision) StdoutLine: {'line': b'\n'}
[13.097693] (weedbot_vision) StdoutLine: {'line': b'Installed /home/sanya/fyp/W.I.P.E.R/ROS/wiper_ws/build/weedbot_vision\n'}
[13.097860] (weedbot_vision) StdoutLine: {'line': b'running symlink_data\n'}
[13.098022] (weedbot_vision) StdoutLine: {'line': b'creating /home/sanya/fyp/W.I.P.E.R/ROS/wiper_ws/install/weedbot_vision/share/ament_index\n'}
[13.098178] (weedbot_vision) StdoutLine: {'line': b'creating /home/sanya/fyp/W.I.P.E.R/ROS/wiper_ws/install/weedbot_vision/share/ament_index/resource_index\n'}
[13.098352] (weedbot_vision) StdoutLine: {'line': b'creating /home/sanya/fyp/W.I.P.E.R/ROS/wiper_ws/install/weedbot_vision/share/ament_index/resource_index/packages\n'}
[13.098518] (weedbot_vision) StdoutLine: {'line': b'symbolically linking /home/sanya/fyp/W.I.P.E.R/ROS/wiper_ws/build/weedbot_vision/resource/weedbot_vision -> /home/sanya/fyp/W.I.P.E.R/ROS/wiper_ws/install/weedbot_vision/share/ament_index/resource_index/packages\n'}
[13.098633] (weedbot_vision) StdoutLine: {'line': b'symbolically linking /home/sanya/fyp/W.I.P.E.R/ROS/wiper_ws/build/weedbot_vision/package.xml -> /home/sanya/fyp/W.I.P.E.R/ROS/wiper_ws/install/weedbot_vision/share/weedbot_vision\n'}
[13.098734] (weedbot_vision) StdoutLine: {'line': b'creating /home/sanya/fyp/W.I.P.E.R/ROS/wiper_ws/install/weedbot_vision/share/weedbot_vision/launch\n'}
[13.098835] (weedbot_vision) StdoutLine: {'line': b'symbolically linking /home/sanya/fyp/W.I.P.E.R/ROS/wiper_ws/build/weedbot_vision/launch/calibration.launch.py -> /home/sanya/fyp/W.I.P.E.R/ROS/wiper_ws/install/weedbot_vision/share/weedbot_vision/launch\n'}
[13.098941] (weedbot_vision) StdoutLine: {'line': b'symbolically linking /home/sanya/fyp/W.I.P.E.R/ROS/wiper_ws/build/weedbot_vision/launch/vision_launch.py -> /home/sanya/fyp/W.I.P.E.R/ROS/wiper_ws/install/weedbot_vision/share/weedbot_vision/launch\n'}
[13.099062] (weedbot_vision) StdoutLine: {'line': b'creating /home/sanya/fyp/W.I.P.E.R/ROS/wiper_ws/install/weedbot_vision/share/weedbot_vision/config\n'}
[13.099166] (weedbot_vision) StdoutLine: {'line': b'symbolically linking /home/sanya/fyp/W.I.P.E.R/ROS/wiper_ws/build/weedbot_vision/config/vision_params.yaml -> /home/sanya/fyp/W.I.P.E.R/ROS/wiper_ws/install/weedbot_vision/share/weedbot_vision/config\n'}
[13.104876] (weedbot_control) StdoutLine: {'line': b'running build_ext\n'}
[13.105087] (weedbot_control) StdoutLine: {'line': b'Creating /home/sanya/fyp/W.I.P.E.R/ROS/wiper_ws/install/weedbot_control/lib/python3.12/site-packages/weedbot-control.egg-link (link to .)\n'}
[13.105651] (weedbot_control) StdoutLine: {'line': b'Installing control_node script to /home/sanya/fyp/W.I.P.E.R/ROS/wiper_ws/install/weedbot_control/lib/weedbot_control\n'}
[13.105934] (weedbot_control) StdoutLine: {'line': b'\n'}
[13.106106] (weedbot_control) StdoutLine: {'line': b'Installed /home/sanya/fyp/W.I.P.E.R/ROS/wiper_ws/build/weedbot_control\n'}
[13.106243] (weedbot_control) StdoutLine: {'line': b'running symlink_data\n'}
[13.106386] (weedbot_control) StdoutLine: {'line': b'creating /home/sanya/fyp/W.I.P.E.R/ROS/wiper_ws/install/weedbot_control/share/ament_index\n'}
[13.106522] (weedbot_control) StdoutLine: {'line': b'creating /home/sanya/fyp/W.I.P.E.R/ROS/wiper_ws/install/weedbot_control/share/ament_index/resource_index\n'}
[13.106637] (weedbot_control) StdoutLine: {'line': b'creating /home/sanya/fyp/W.I.P.E.R/ROS/wiper_ws/install/weedbot_control/share/ament_index/resource_index/packages\n'}
[13.106771] (weedbot_control) StdoutLine: {'line': b'symbolically linking /home/sanya/fyp/W.I.P.E.R/ROS/wiper_ws/build/weedbot_control/resource/weedbot_control -> /home/sanya/fyp/W.I.P.E.R/ROS/wiper_ws/install/weedbot_control/share/ament_index/resource_index/packages\n'}
[13.106908] (weedbot_control) StdoutLine: {'line': b'symbolically linking /home/sanya/fyp/W.I.P.E.R/ROS/wiper_ws/build/weedbot_control/package.xml -> /home/sanya/fyp/W.I.P.E.R/ROS/wiper_ws/install/weedbot_control/share/weedbot_control\n'}
[13.107048] (weedbot_control) StdoutLine: {'line': b'creating /home/sanya/fyp/W.I.P.E.R/ROS/wiper_ws/install/weedbot_control/share/weedbot_control/launch\n'}
[13.107197] (weedbot_control) StdoutLine: {'line': b'symbolically linking /home/sanya/fyp/W.I.P.E.R/ROS/wiper_ws/build/weedbot_control/launch/control_launch.py -> /home/sanya/fyp/W.I.P.E.R/ROS/wiper_ws/install/weedbot_control/share/weedbot_control/launch\n'}
[13.107376] (weedbot_control) StdoutLine: {'line': b'creating /home/sanya/fyp/W.I.P.E.R/ROS/wiper_ws/install/weedbot_control/share/weedbot_control/config\n'}
[13.107499] (weedbot_control) StdoutLine: {'line': b'symbolically linking /home/sanya/fyp/W.I.P.E.R/ROS/wiper_ws/build/weedbot_control/config/control_params.yaml -> /home/sanya/fyp/W.I.P.E.R/ROS/wiper_ws/install/weedbot_control/share/weedbot_control/config\n'}
[13.107626] (weedbot_control) StdoutLine: {'line': b'creating /home/sanya/fyp/W.I.P.E.R/ROS/wiper_ws/install/weedbot_control/share/weedbot_control/firmware\n'}
[13.107722] (weedbot_control) StdoutLine: {'line': b'symbolically linking /home/sanya/fyp/W.I.P.E.R/ROS/wiper_ws/build/weedbot_control/firmware/stm32_laser_controller_reference.c -> /home/sanya/fyp/W.I.P.E.R/ROS/wiper_ws/install/weedbot_control/share/weedbot_control/firmware\n'}
[13.107802] (weedbot_control) StdoutLine: {'line': b'symbolically linking /home/sanya/fyp/W.I.P.E.R/ROS/wiper_ws/build/weedbot_control/README.md -> /home/sanya/fyp/W.I.P.E.R/ROS/wiper_ws/install/weedbot_control/share/weedbot_control\n'}
[13.107885] (weedbot_control) StdoutLine: {'line': b'symbolically linking /home/sanya/fyp/W.I.P.E.R/ROS/wiper_ws/build/weedbot_control/protocol.md -> /home/sanya/fyp/W.I.P.E.R/ROS/wiper_ws/install/weedbot_control/share/weedbot_control\n'}
[13.129051] (weedbot_vision) CommandEnded: {'returncode': 0}
[13.130125] (-) TimerEvent: {}
[13.135838] (weedbot_vision) JobEnded: {'identifier': 'weedbot_vision', 'rc': 0}
[13.150261] (weedbot_control) CommandEnded: {'returncode': 0}
[13.155890] (weedbot_control) JobEnded: {'identifier': 'weedbot_control', 'rc': 0}
[13.156441] (-) EventReactorShutdown: {}
