[0.000000] (-) TimerEvent: {}
[0.001074] (weedbot_interfaces) JobQueued: {'identifier': 'weedbot_interfaces', 'dependencies': OrderedDict()}
[0.001234] (weedbot_simulation) JobQueued: {'identifier': 'weedbot_simulation', 'dependencies': OrderedDict()}
[0.001271] (weedbot_control) JobQueued: {'identifier': 'weedbot_control', 'dependencies': OrderedDict({'weedbot_interfaces': '/home/sanya/fyp/W.I.P.E.R/install/weedbot_interfaces'})}
[0.001317] (weedbot_vision) JobQueued: {'identifier': 'weedbot_vision', 'dependencies': OrderedDict({'weedbot_interfaces': '/home/sanya/fyp/W.I.P.E.R/install/weedbot_interfaces'})}
[0.001346] (weedbot_interfaces) JobStarted: {'identifier': 'weedbot_interfaces'}
[0.014203] (weedbot_simulation) JobStarted: {'identifier': 'weedbot_simulation'}
[0.027455] (weedbot_interfaces) JobProgress: {'identifier': 'weedbot_interfaces', 'progress': 'cmake'}
[0.028725] (weedbot_interfaces) Command: {'cmd': ['/usr/bin/cmake', '/home/sanya/fyp/W.I.P.E.R/ROS/wiper_ws/src/weedbot_interfaces', '-DAMENT_CMAKE_SYMLINK_INSTALL=1', '-DCMAKE_INSTALL_PREFIX=/home/sanya/fyp/W.I.P.E.R/install/weedbot_interfaces'], 'cwd': '/home/sanya/fyp/W.I.P.E.R/build/weedbot_interfaces', 'env': OrderedDict({'GJS_DEBUG_TOPICS': 'JS ERROR;JS LOG', 'PYTHON_BASIC_REPL': '1', 'LESSOPEN': '| /usr/bin/lesspipe %s', 'USER': 'sanya', 'FONTCONFIG_PATH': '/etc/fonts', 'GIO_MODULE_DIR': '/home/sanya/snap/code/common/.cache/gio-modules', 'XDG_SESSION_TYPE': 'wayland', 'GIT_ASKPASS': '/snap/code/235/usr/share/code/resources/app/extensions/git/dist/askpass.sh', 'GTK_EXE_PREFIX_VSCODE_SNAP_ORIG': '', 'GDK_BACKEND_VSCODE_SNAP_ORIG': '', 'CLUTTER_DISABLE_MIPMAPPED_TEXT': '1', 'SHLVL': '1', 'LD_LIBRARY_PATH': '/opt/ros/jazzy/opt/rviz_ogre_vendor/lib:/opt/ros/jazzy/lib/x86_64-linux-gnu:/opt/ros/jazzy/opt/gz_math_vendor/lib:/opt/ros/jazzy/opt/gz_utils_vendor/lib:/opt/ros/jazzy/opt/gz_cmake_vendor/lib:/opt/ros/jazzy/lib', 'HOME': '/home/sanya', 'CHROME_DESKTOP': 'code.desktop', 'LOCPATH_VSCODE_SNAP_ORIG': '', 'OLDPWD': '/home/sanya/fyp/W.I.P.E.R/frontend', 'TERM_PROGRAM_VERSION': '1.117.0', 'DESKTOP_SESSION': 'ubuntu', 'GTK_PATH': '/snap/code/235/usr/lib/x86_64-linux-gnu/gtk-3.0', 'XDG_DATA_HOME_VSCODE_SNAP_ORIG': '', 'GTK_IM_MODULE_FILE': '/home/sanya/snap/code/common/.cache/immodules/immodules.cache', 'GIO_LAUNCHED_DESKTOP_FILE': '/var/lib/snapd/desktop/applications/code_code.desktop', 'ROS_PYTHON_VERSION': '3', 'GNOME_SHELL_SESSION_MODE': 'ubuntu', 'GTK_MODULES': 'gail:atk-bridge', 'GSETTINGS_SCHEMA_DIR_VSCODE_SNAP_ORIG': '', 'VSCODE_GIT_ASKPASS_MAIN': '/snap/code/235/usr/share/code/resources/app/extensions/git/dist/askpass-main.js', 'VSCODE_GIT_ASKPASS_NODE': '/snap/code/235/usr/share/code/code', 'MANAGERPID': '2055', 'PYDEVD_DISABLE_FILE_VALIDATION': '1', 'SYSTEMD_EXEC_PID': '2304', 'BUNDLED_DEBUGPY_PATH': '/home/sanya/.vscode/extensions/ms-python.debugpy-2026.4.0-linux-x64/bundled/libs/debugpy', 'IM_CONFIG_CHECK_ENV': '1', 'VSCODE_PYTHON_AUTOACTIVATE_GUARD': '1', 'GSM_SKIP_SSH_AGENT_WORKAROUND': 'true', 'DBUS_SESSION_BUS_ADDRESS': 'unix:path=/run/user/1000/bus', 'COLORTERM': 'truecolor', 'GIO_LAUNCHED_DESKTOP_FILE_PID': '4650', 'DEBUGINFOD_URLS': 'https://debuginfod.ubuntu.com', 'IM_CONFIG_PHASE': '1', 'WAYLAND_DISPLAY': 'wayland-0', 'ROS_DISTRO': 'jazzy', 'LOGNAME': 'sanya', 'JOURNAL_STREAM': '9:20877', '_': '/usr/bin/colcon', 'ROS_VERSION': '2', 'XDG_CONFIG_DIRS_VSCODE_SNAP_ORIG': '/etc/xdg/xdg-ubuntu:/etc/xdg', 'MEMORY_PRESSURE_WATCH': '/sys/fs/cgroup/user.slice/user-1000.slice/user@1000.service/session.slice/org.gnome.Shell@wayland.service/memory.pressure', 'CLAUDE_CODE_SSE_PORT': '60630', 'XDG_SESSION_CLASS': 'user', 'XDG_DATA_DIRS_VSCODE_SNAP_ORIG': '/usr/share/ubuntu:/usr/share/gnome:/usr/local/share/:/usr/share/:/var/lib/snapd/desktop', 'USERNAME': 'sanya', 'TERM': 'xterm-256color', 'GNOME_DESKTOP_SESSION_ID': 'this-is-deprecated', 'FC_FONTATIONS': '1', 'PATH': '/opt/ros/jazzy/bin:/home/sanya/.local/bin:/home/sanya/.local/bin:/usr/local/sbin:/usr/local/bin:/usr/sbin:/usr/bin:/sbin:/bin:/usr/games:/usr/local/games:/snap/bin:/snap/bin:/home/sanya/.vscode/extensions/ms-python.debugpy-2026.4.0-linux-x64/bundled/scripts/noConfigScripts', 'SESSION_MANAGER': 'local/sanya-R14P-Series:@/tmp/.ICE-unix/2263,unix/sanya-R14P-Series:/tmp/.ICE-unix/2263', 'GTK_EXE_PREFIX': '/snap/code/235/usr', 'INVOCATION_ID': '7a3165c4d5b443a7be62895e53b5ebe7', 'XDG_MENU_PREFIX': 'gnome-', 'GNOME_SETUP_DISPLAY': ':1', 'XDG_RUNTIME_DIR': '/run/user/1000', 'GDK_BACKEND': 'x11', 'DISPLAY': ':0', 'LOCPATH': '/snap/code/235/usr/lib/locale', 'VSCODE_DEBUGPY_ADAPTER_ENDPOINTS': '/home/sanya/.vscode/extensions/ms-python.debugpy-2026.4.0-linux-x64/.noConfigDebugAdapterEndpoints/endpoint-58909b861d5c081c.txt', 'LANG': 'en_US.UTF-8', 'XDG_CURRENT_DESKTOP': 'ubuntu:GNOME', 'PYTHONSTARTUP': '/home/sanya/.config/Code/User/workspaceStorage/d451e44e768164a9904be184ac239207/ms-python.python/pythonrc.py', 'GIO_MODULE_DIR_VSCODE_SNAP_ORIG': '', 'XDG_DATA_HOME': '/home/sanya/snap/code/235/.local/share', 'XMODIFIERS': '@im=ibus', 'XDG_SESSION_DESKTOP': 'ubuntu', 'XAUTHORITY': '/run/user/1000/.mutter-Xwaylandauth.IJENO3', 'LS_COLORS': 'rs=0:di=01;34:ln=01;36:mh=00:pi=40;33:so=01;35:do=01;35:bd=40;33;01:cd=40;33;01:or=40;31;01:mi=00:su=37;41:sg=30;43:ca=00:tw=30;42:ow=34;42:st=37;44:ex=01;32:*.tar=01;31:*.tgz=01;31:*.arc=01;31:*.arj=01;31:*.taz=01;31:*.lha=01;31:*.lz4=01;31:*.lzh=01;31:*.lzma=01;31:*.tlz=01;31:*.txz=01;31:*.tzo=01;31:*.t7z=01;31:*.zip=01;31:*.z=01;31:*.dz=01;31:*.gz=01;31:*.lrz=01;31:*.lz=01;31:*.lzo=01;31:*.xz=01;31:*.zst=01;31:*.tzst=01;31:*.bz2=01;31:*.bz=01;31:*.tbz=01;31:*.tbz2=01;31:*.tz=01;31:*.deb=01;31:*.rpm=01;31:*.jar=01;31:*.war=01;31:*.ear=01;31:*.sar=01;31:*.rar=01;31:*.alz=01;31:*.ace=01;31:*.zoo=01;31:*.cpio=01;31:*.7z=01;31:*.rz=01;31:*.cab=01;31:*.wim=01;31:*.swm=01;31:*.dwm=01;31:*.esd=01;31:*.avif=01;35:*.jpg=01;35:*.jpeg=01;35:*.mjpg=01;35:*.mjpeg=01;35:*.gif=01;35:*.bmp=01;35:*.pbm=01;35:*.pgm=01;35:*.ppm=01;35:*.tga=01;35:*.xbm=01;35:*.xpm=01;35:*.tif=01;35:*.tiff=01;35:*.png=01;35:*.svg=01;35:*.svgz=01;35:*.mng=01;35:*.pcx=01;35:*.mov=01;35:*.mpg=01;35:*.mpeg=01;35:*.m2v=01;35:*.mkv=01;35:*.webm=01;35:*.webp=01;35:*.ogm=01;35:*.mp4=01;35:*.m4v=01;35:*.mp4v=01;35:*.vob=01;35:*.qt=01;35:*.nuv=01;35:*.wmv=01;35:*.asf=01;35:*.rm=01;35:*.rmvb=01;35:*.flc=01;35:*.avi=01;35:*.fli=01;35:*.flv=01;35:*.gl=01;35:*.dl=01;35:*.xcf=01;35:*.xwd=01;35:*.yuv=01;35:*.cgm=01;35:*.emf=01;35:*.ogv=01;35:*.ogx=01;35:*.aac=00;36:*.au=00;36:*.flac=00;36:*.m4a=00;36:*.mid=00;36:*.midi=00;36:*.mka=00;36:*.mp3=00;36:*.mpc=00;36:*.ogg=00;36:*.ra=00;36:*.wav=00;36:*.oga=00;36:*.opus=00;36:*.spx=00;36:*.xspf=00;36:*~=00;90:*#=00;90:*.bak=00;90:*.crdownload=00;90:*.dpkg-dist=00;90:*.dpkg-new=00;90:*.dpkg-old=00;90:*.dpkg-tmp=00;90:*.old=00;90:*.orig=00;90:*.part=00;90:*.rej=00;90:*.rpmnew=00;90:*.rpmorig=00;90:*.rpmsave=00;90:*.swp=00;90:*.tmp=00;90:*.ucf-dist=00;90:*.ucf-new=00;90:*.ucf-old=00;90:', 'VSCODE_GIT_IPC_HANDLE': '/run/user/1000/vscode-git-88cd893123.sock', 'TERM_PROGRAM': 'vscode', 'SSH_AUTH_SOCK': '/run/user/1000/keyring/ssh', 'GSETTINGS_SCHEMA_DIR': '/home/sanya/snap/code/235/.local/share/glib-2.0/schemas', 'AMENT_PREFIX_PATH': '/opt/ros/jazzy', 'SHELL': '/bin/bash', 'QT_ACCESSIBILITY': '1', 'GDMSESSION': 'ubuntu', 'LESSCLOSE': '/usr/bin/lesspipe %s %s', 'GTK_PATH_VSCODE_SNAP_ORIG': '', 'FONTCONFIG_FILE': '/etc/fonts/fonts.conf', 'GTK_IM_MODULE_FILE_VSCODE_SNAP_ORIG': '', 'GJS_DEBUG_OUTPUT': 'stderr', 'ROS_AUTOMATIC_DISCOVERY_RANGE': 'SUBNET', 'VSCODE_GIT_ASKPASS_EXTRA_ARGS': '', 'QT_IM_MODULE': 'ibus', 'PWD': '/home/sanya/fyp/W.I.P.E.R/build/weedbot_interfaces', 'LC_ALL': 'en_US.UTF-8', 'XDG_CONFIG_DIRS': '/etc/xdg/xdg-ubuntu:/etc/xdg', 'XDG_DATA_DIRS': '/home/sanya/snap/code/235/.local/share:/home/sanya/snap/code/235:/snap/code/235/usr/share:/usr/share/ubuntu:/usr/share/gnome:/usr/local/share/:/usr/share/:/var/lib/snapd/desktop', 'PYTHONPATH': '/opt/ros/jazzy/lib/python3.12/site-packages', 'COLCON': '1', 'MEMORY_PRESSURE_WRITE': 'c29tZSAyMDAwMDAgMjAwMDAwMAA=', 'CMAKE_PREFIX_PATH': '/opt/ros/jazzy/opt/gz_math_vendor:/opt/ros/jazzy/opt/gz_utils_vendor:/opt/ros/jazzy/opt/gz_cmake_vendor:/opt/ros/jazzy'}), 'shell': False}
[0.099551] (-) TimerEvent: {}
[0.199843] (-) TimerEvent: {}
[0.261610] (weedbot_interfaces) StdoutLine: {'line': b'-- The C compiler identification is GNU 13.3.0\n'}
[0.299978] (-) TimerEvent: {}
[0.400283] (-) TimerEvent: {}
[0.437215] (weedbot_interfaces) StdoutLine: {'line': b'-- The CXX compiler identification is GNU 13.3.0\n'}
[0.472843] (weedbot_interfaces) StdoutLine: {'line': b'-- Detecting C compiler ABI info\n'}
[0.500388] (-) TimerEvent: {}
[0.600693] (-) TimerEvent: {}
[0.640924] (weedbot_interfaces) StdoutLine: {'line': b'-- Detecting C compiler ABI info - done\n'}
[0.658788] (weedbot_interfaces) StdoutLine: {'line': b'-- Check for working C compiler: /usr/bin/cc - skipped\n'}
[0.659605] (weedbot_interfaces) StdoutLine: {'line': b'-- Detecting C compile features\n'}
[0.660568] (weedbot_interfaces) StdoutLine: {'line': b'-- Detecting C compile features - done\n'}
[0.678562] (weedbot_interfaces) StdoutLine: {'line': b'-- Detecting CXX compiler ABI info\n'}
[0.700905] (-) TimerEvent: {}
[0.801237] (-) TimerEvent: {}
[0.855710] (weedbot_interfaces) StdoutLine: {'line': b'-- Detecting CXX compiler ABI info - done\n'}
[0.871354] (weedbot_interfaces) StdoutLine: {'line': b'-- Check for working CXX compiler: /usr/bin/c++ - skipped\n'}
[0.871930] (weedbot_interfaces) StdoutLine: {'line': b'-- Detecting CXX compile features\n'}
[0.872823] (weedbot_interfaces) StdoutLine: {'line': b'-- Detecting CXX compile features - done\n'}
[0.880215] (weedbot_interfaces) StdoutLine: {'line': b'-- Found ament_cmake: 2.5.6 (/opt/ros/jazzy/share/ament_cmake/cmake)\n'}
[0.901356] (-) TimerEvent: {}
[1.001729] (-) TimerEvent: {}
[1.102160] (-) TimerEvent: {}
[1.141502] (weedbot_interfaces) StdoutLine: {'line': b'-- Found Python3: /usr/bin/python3 (found version "3.12.3") found components: Interpreter \n'}
[1.202278] (-) TimerEvent: {}
[1.278613] (weedbot_interfaces) StdoutLine: {'line': b'-- Override CMake install command with custom implementation using symlinks instead of copying resources\n'}
[1.302419] (-) TimerEvent: {}
[1.362059] (weedbot_interfaces) StdoutLine: {'line': b'-- Found std_msgs: 5.3.7 (/opt/ros/jazzy/share/std_msgs/cmake)\n'}
[1.402569] (-) TimerEvent: {}
[1.456258] (weedbot_interfaces) StdoutLine: {'line': b'-- Found rosidl_generator_c: 4.6.7 (/opt/ros/jazzy/share/rosidl_generator_c/cmake)\n'}
[1.485131] (weedbot_interfaces) StdoutLine: {'line': b'-- Found rosidl_generator_cpp: 4.6.7 (/opt/ros/jazzy/share/rosidl_generator_cpp/cmake)\n'}
[1.502693] (-) TimerEvent: {}
[1.527874] (weedbot_interfaces) StdoutLine: {'line': b'-- Using all available rosidl_typesupport_c: rosidl_typesupport_fastrtps_c;rosidl_typesupport_introspection_c\n'}
[1.579701] (weedbot_interfaces) StdoutLine: {'line': b'-- Using all available rosidl_typesupport_cpp: rosidl_typesupport_fastrtps_cpp;rosidl_typesupport_introspection_cpp\n'}
[1.602846] (-) TimerEvent: {}
[1.669175] (weedbot_interfaces) StdoutLine: {'line': b'-- Found sensor_msgs: 5.3.7 (/opt/ros/jazzy/share/sensor_msgs/cmake)\n'}
[1.702989] (-) TimerEvent: {}
[1.792323] (weedbot_interfaces) StdoutLine: {'line': b'-- Found rosidl_default_generators: 1.6.0 (/opt/ros/jazzy/share/rosidl_default_generators/cmake)\n'}
[1.803097] (-) TimerEvent: {}
[1.838584] (weedbot_interfaces) StdoutLine: {'line': b'-- Found rosidl_adapter: 4.6.7 (/opt/ros/jazzy/share/rosidl_adapter/cmake)\n'}
[1.903237] (-) TimerEvent: {}
[2.003770] (-) TimerEvent: {}
[2.039559] (weedbot_simulation) Command: {'cmd': ['/usr/bin/python3', '-W', 'ignore:setup.py install is deprecated', '-W', 'ignore:easy_install command is deprecated', 'setup.py', 'develop', '--editable', '--build-directory', '/home/sanya/fyp/W.I.P.E.R/build/weedbot_simulation/build', '--no-deps', 'symlink_data'], 'cwd': '/home/sanya/fyp/W.I.P.E.R/build/weedbot_simulation', 'env': {'GJS_DEBUG_TOPICS': 'JS ERROR;JS LOG', 'PYTHON_BASIC_REPL': '1', 'LESSOPEN': '| /usr/bin/lesspipe %s', 'USER': 'sanya', 'FONTCONFIG_PATH': '/etc/fonts', 'GIO_MODULE_DIR': '/home/sanya/snap/code/common/.cache/gio-modules', 'XDG_SESSION_TYPE': 'wayland', 'GIT_ASKPASS': '/snap/code/235/usr/share/code/resources/app/extensions/git/dist/askpass.sh', 'GTK_EXE_PREFIX_VSCODE_SNAP_ORIG': '', 'GDK_BACKEND_VSCODE_SNAP_ORIG': '', 'CLUTTER_DISABLE_MIPMAPPED_TEXT': '1', 'SHLVL': '1', 'LD_LIBRARY_PATH': '/opt/ros/jazzy/opt/rviz_ogre_vendor/lib:/opt/ros/jazzy/lib/x86_64-linux-gnu:/opt/ros/jazzy/opt/gz_math_vendor/lib:/opt/ros/jazzy/opt/gz_utils_vendor/lib:/opt/ros/jazzy/opt/gz_cmake_vendor/lib:/opt/ros/jazzy/lib', 'HOME': '/home/sanya', 'CHROME_DESKTOP': 'code.desktop', 'LOCPATH_VSCODE_SNAP_ORIG': '', 'OLDPWD': '/home/sanya/fyp/W.I.P.E.R/frontend', 'TERM_PROGRAM_VERSION': '1.117.0', 'DESKTOP_SESSION': 'ubuntu', 'GTK_PATH': '/snap/code/235/usr/lib/x86_64-linux-gnu/gtk-3.0', 'XDG_DATA_HOME_VSCODE_SNAP_ORIG': '', 'GTK_IM_MODULE_FILE': '/home/sanya/snap/code/common/.cache/immodules/immodules.cache', 'GIO_LAUNCHED_DESKTOP_FILE': '/var/lib/snapd/desktop/applications/code_code.desktop', 'ROS_PYTHON_VERSION': '3', 'GNOME_SHELL_SESSION_MODE': 'ubuntu', 'GTK_MODULES': 'gail:atk-bridge', 'GSETTINGS_SCHEMA_DIR_VSCODE_SNAP_ORIG': '', 'VSCODE_GIT_ASKPASS_MAIN': '/snap/code/235/usr/share/code/resources/app/extensions/git/dist/askpass-main.js', 'VSCODE_GIT_ASKPASS_NODE': '/snap/code/235/usr/share/code/code', 'MANAGERPID': '2055', 'PYDEVD_DISABLE_FILE_VALIDATION': '1', 'SYSTEMD_EXEC_PID': '2304', 'BUNDLED_DEBUGPY_PATH': '/home/sanya/.vscode/extensions/ms-python.debugpy-2026.4.0-linux-x64/bundled/libs/debugpy', 'IM_CONFIG_CHECK_ENV': '1', 'VSCODE_PYTHON_AUTOACTIVATE_GUARD': '1', 'GSM_SKIP_SSH_AGENT_WORKAROUND': 'true', 'DBUS_SESSION_BUS_ADDRESS': 'unix:path=/run/user/1000/bus', 'COLORTERM': 'truecolor', 'GIO_LAUNCHED_DESKTOP_FILE_PID': '4650', 'DEBUGINFOD_URLS': 'https://debuginfod.ubuntu.com', 'IM_CONFIG_PHASE': '1', 'WAYLAND_DISPLAY': 'wayland-0', 'ROS_DISTRO': 'jazzy', 'LOGNAME': 'sanya', 'JOURNAL_STREAM': '9:20877', '_': '/usr/bin/colcon', 'ROS_VERSION': '2', 'XDG_CONFIG_DIRS_VSCODE_SNAP_ORIG': '/etc/xdg/xdg-ubuntu:/etc/xdg', 'MEMORY_PRESSURE_WATCH': '/sys/fs/cgroup/user.slice/user-1000.slice/user@1000.service/session.slice/org.gnome.Shell@wayland.service/memory.pressure', 'CLAUDE_CODE_SSE_PORT': '60630', 'XDG_SESSION_CLASS': 'user', 'XDG_DATA_DIRS_VSCODE_SNAP_ORIG': '/usr/share/ubuntu:/usr/share/gnome:/usr/local/share/:/usr/share/:/var/lib/snapd/desktop', 'USERNAME': 'sanya', 'TERM': 'xterm-256color', 'GNOME_DESKTOP_SESSION_ID': 'this-is-deprecated', 'FC_FONTATIONS': '1', 'PATH': '/opt/ros/jazzy/bin:/home/sanya/.local/bin:/home/sanya/.local/bin:/usr/local/sbin:/usr/local/bin:/usr/sbin:/usr/bin:/sbin:/bin:/usr/games:/usr/local/games:/snap/bin:/snap/bin:/home/sanya/.vscode/extensions/ms-python.debugpy-2026.4.0-linux-x64/bundled/scripts/noConfigScripts', 'SESSION_MANAGER': 'local/sanya-R14P-Series:@/tmp/.ICE-unix/2263,unix/sanya-R14P-Series:/tmp/.ICE-unix/2263', 'GTK_EXE_PREFIX': '/snap/code/235/usr', 'INVOCATION_ID': '7a3165c4d5b443a7be62895e53b5ebe7', 'XDG_MENU_PREFIX': 'gnome-', 'GNOME_SETUP_DISPLAY': ':1', 'XDG_RUNTIME_DIR': '/run/user/1000', 'GDK_BACKEND': 'x11', 'DISPLAY': ':0', 'LOCPATH': '/snap/code/235/usr/lib/locale', 'VSCODE_DEBUGPY_ADAPTER_ENDPOINTS': '/home/sanya/.vscode/extensions/ms-python.debugpy-2026.4.0-linux-x64/.noConfigDebugAdapterEndpoints/endpoint-58909b861d5c081c.txt', 'LANG': 'en_US.UTF-8', 'XDG_CURRENT_DESKTOP': 'ubuntu:GNOME', 'PYTHONSTARTUP': '/home/sanya/.config/Code/User/workspaceStorage/d451e44e768164a9904be184ac239207/ms-python.python/pythonrc.py', 'GIO_MODULE_DIR_VSCODE_SNAP_ORIG': '', 'XDG_DATA_HOME': '/home/sanya/snap/code/235/.local/share', 'XMODIFIERS': '@im=ibus', 'XDG_SESSION_DESKTOP': 'ubuntu', 'XAUTHORITY': '/run/user/1000/.mutter-Xwaylandauth.IJENO3', 'LS_COLORS': 'rs=0:di=01;34:ln=01;36:mh=00:pi=40;33:so=01;35:do=01;35:bd=40;33;01:cd=40;33;01:or=40;31;01:mi=00:su=37;41:sg=30;43:ca=00:tw=30;42:ow=34;42:st=37;44:ex=01;32:*.tar=01;31:*.tgz=01;31:*.arc=01;31:*.arj=01;31:*.taz=01;31:*.lha=01;31:*.lz4=01;31:*.lzh=01;31:*.lzma=01;31:*.tlz=01;31:*.txz=01;31:*.tzo=01;31:*.t7z=01;31:*.zip=01;31:*.z=01;31:*.dz=01;31:*.gz=01;31:*.lrz=01;31:*.lz=01;31:*.lzo=01;31:*.xz=01;31:*.zst=01;31:*.tzst=01;31:*.bz2=01;31:*.bz=01;31:*.tbz=01;31:*.tbz2=01;31:*.tz=01;31:*.deb=01;31:*.rpm=01;31:*.jar=01;31:*.war=01;31:*.ear=01;31:*.sar=01;31:*.rar=01;31:*.alz=01;31:*.ace=01;31:*.zoo=01;31:*.cpio=01;31:*.7z=01;31:*.rz=01;31:*.cab=01;31:*.wim=01;31:*.swm=01;31:*.dwm=01;31:*.esd=01;31:*.avif=01;35:*.jpg=01;35:*.jpeg=01;35:*.mjpg=01;35:*.mjpeg=01;35:*.gif=01;35:*.bmp=01;35:*.pbm=01;35:*.pgm=01;35:*.ppm=01;35:*.tga=01;35:*.xbm=01;35:*.xpm=01;35:*.tif=01;35:*.tiff=01;35:*.png=01;35:*.svg=01;35:*.svgz=01;35:*.mng=01;35:*.pcx=01;35:*.mov=01;35:*.mpg=01;35:*.mpeg=01;35:*.m2v=01;35:*.mkv=01;35:*.webm=01;35:*.webp=01;35:*.ogm=01;35:*.mp4=01;35:*.m4v=01;35:*.mp4v=01;35:*.vob=01;35:*.qt=01;35:*.nuv=01;35:*.wmv=01;35:*.asf=01;35:*.rm=01;35:*.rmvb=01;35:*.flc=01;35:*.avi=01;35:*.fli=01;35:*.flv=01;35:*.gl=01;35:*.dl=01;35:*.xcf=01;35:*.xwd=01;35:*.yuv=01;35:*.cgm=01;35:*.emf=01;35:*.ogv=01;35:*.ogx=01;35:*.aac=00;36:*.au=00;36:*.flac=00;36:*.m4a=00;36:*.mid=00;36:*.midi=00;36:*.mka=00;36:*.mp3=00;36:*.mpc=00;36:*.ogg=00;36:*.ra=00;36:*.wav=00;36:*.oga=00;36:*.opus=00;36:*.spx=00;36:*.xspf=00;36:*~=00;90:*#=00;90:*.bak=00;90:*.crdownload=00;90:*.dpkg-dist=00;90:*.dpkg-new=00;90:*.dpkg-old=00;90:*.dpkg-tmp=00;90:*.old=00;90:*.orig=00;90:*.part=00;90:*.rej=00;90:*.rpmnew=00;90:*.rpmorig=00;90:*.rpmsave=00;90:*.swp=00;90:*.tmp=00;90:*.ucf-dist=00;90:*.ucf-new=00;90:*.ucf-old=00;90:', 'VSCODE_GIT_IPC_HANDLE': '/run/user/1000/vscode-git-88cd893123.sock', 'TERM_PROGRAM': 'vscode', 'SSH_AUTH_SOCK': '/run/user/1000/keyring/ssh', 'GSETTINGS_SCHEMA_DIR': '/home/sanya/snap/code/235/.local/share/glib-2.0/schemas', 'AMENT_PREFIX_PATH': '/opt/ros/jazzy', 'SHELL': '/bin/bash', 'QT_ACCESSIBILITY': '1', 'GDMSESSION': 'ubuntu', 'LESSCLOSE': '/usr/bin/lesspipe %s %s', 'GTK_PATH_VSCODE_SNAP_ORIG': '', 'FONTCONFIG_FILE': '/etc/fonts/fonts.conf', 'GTK_IM_MODULE_FILE_VSCODE_SNAP_ORIG': '', 'GJS_DEBUG_OUTPUT': 'stderr', 'ROS_AUTOMATIC_DISCOVERY_RANGE': 'SUBNET', 'VSCODE_GIT_ASKPASS_EXTRA_ARGS': '', 'QT_IM_MODULE': 'ibus', 'PWD': '/home/sanya/fyp/W.I.P.E.R/build/weedbot_simulation', 'LC_ALL': 'en_US.UTF-8', 'XDG_CONFIG_DIRS': '/etc/xdg/xdg-ubuntu:/etc/xdg', 'XDG_DATA_DIRS': '/home/sanya/snap/code/235/.local/share:/home/sanya/snap/code/235:/snap/code/235/usr/share:/usr/share/ubuntu:/usr/share/gnome:/usr/local/share/:/usr/share/:/var/lib/snapd/desktop', 'PYTHONPATH': '/home/sanya/fyp/W.I.P.E.R/build/weedbot_simulation/prefix_override:/usr/lib/python3/dist-packages/colcon_core/task/python/colcon_distutils_commands:/home/sanya/fyp/W.I.P.E.R/install/weedbot_simulation/lib/python3.12/site-packages:/opt/ros/jazzy/lib/python3.12/site-packages', 'COLCON': '1', 'MEMORY_PRESSURE_WRITE': 'c29tZSAyMDAwMDAgMjAwMDAwMAA=', 'CMAKE_PREFIX_PATH': '/opt/ros/jazzy/opt/gz_math_vendor:/opt/ros/jazzy/opt/gz_utils_vendor:/opt/ros/jazzy/opt/gz_cmake_vendor'}, 'shell': False}
[2.103883] (-) TimerEvent: {}
[2.204258] (-) TimerEvent: {}
[2.304678] (-) TimerEvent: {}
[2.405081] (-) TimerEvent: {}
[2.505437] (-) TimerEvent: {}
[2.605825] (-) TimerEvent: {}
[2.706193] (-) TimerEvent: {}
[2.806552] (-) TimerEvent: {}
[2.856101] (weedbot_simulation) StdoutLine: {'line': b'running develop\n'}
[2.906661] (-) TimerEvent: {}
[3.007027] (-) TimerEvent: {}
[3.107402] (-) TimerEvent: {}
[3.171193] (weedbot_interfaces) StdoutLine: {'line': b'-- Found ament_cmake_ros: 0.12.0 (/opt/ros/jazzy/share/ament_cmake_ros/cmake)\n'}
[3.207530] (-) TimerEvent: {}
[3.307917] (-) TimerEvent: {}
[3.342000] (weedbot_simulation) StdoutLine: {'line': b'running egg_info\n'}
[3.342268] (weedbot_simulation) StdoutLine: {'line': b'creating weedbot_simulation.egg-info\n'}
[3.392127] (weedbot_simulation) StdoutLine: {'line': b'writing weedbot_simulation.egg-info/PKG-INFO\n'}
[3.392574] (weedbot_simulation) StdoutLine: {'line': b'writing dependency_links to weedbot_simulation.egg-info/dependency_links.txt\n'}
[3.392938] (weedbot_simulation) StdoutLine: {'line': b'writing entry points to weedbot_simulation.egg-info/entry_points.txt\n'}
[3.393179] (weedbot_simulation) StdoutLine: {'line': b'writing requirements to weedbot_simulation.egg-info/requires.txt\n'}
[3.393409] (weedbot_simulation) StdoutLine: {'line': b'writing top-level names to weedbot_simulation.egg-info/top_level.txt\n'}
[3.393568] (weedbot_simulation) StdoutLine: {'line': b"writing manifest file 'weedbot_simulation.egg-info/SOURCES.txt'\n"}
[3.408030] (-) TimerEvent: {}
[3.493927] (weedbot_simulation) StdoutLine: {'line': b"reading manifest file 'weedbot_simulation.egg-info/SOURCES.txt'\n"}
[3.495066] (weedbot_simulation) StdoutLine: {'line': b"writing manifest file 'weedbot_simulation.egg-info/SOURCES.txt'\n"}
[3.508143] (-) TimerEvent: {}
[3.550906] (weedbot_simulation) StdoutLine: {'line': b'running build_ext\n'}
[3.551358] (weedbot_simulation) StdoutLine: {'line': b'Creating /home/sanya/fyp/W.I.P.E.R/install/weedbot_simulation/lib/python3.12/site-packages/weedbot-simulation.egg-link (link to .)\n'}
[3.552402] (weedbot_simulation) StdoutLine: {'line': b'Installing laser_controller script to /home/sanya/fyp/W.I.P.E.R/install/weedbot_simulation/lib/weedbot_simulation\n'}
[3.552777] (weedbot_simulation) StdoutLine: {'line': b'Installing tractor_controller script to /home/sanya/fyp/W.I.P.E.R/install/weedbot_simulation/lib/weedbot_simulation\n'}
[3.553007] (weedbot_simulation) StdoutLine: {'line': b'Installing weed_spawner script to /home/sanya/fyp/W.I.P.E.R/install/weedbot_simulation/lib/weedbot_simulation\n'}
[3.553407] (weedbot_simulation) StdoutLine: {'line': b'\n'}
[3.553598] (weedbot_simulation) StdoutLine: {'line': b'Installed /home/sanya/fyp/W.I.P.E.R/build/weedbot_simulation\n'}
[3.553880] (weedbot_simulation) StdoutLine: {'line': b'running symlink_data\n'}
[3.554106] (weedbot_simulation) StdoutLine: {'line': b'creating /home/sanya/fyp/W.I.P.E.R/install/weedbot_simulation/share/ament_index\n'}
[3.554231] (weedbot_simulation) StdoutLine: {'line': b'creating /home/sanya/fyp/W.I.P.E.R/install/weedbot_simulation/share/ament_index/resource_index\n'}
[3.554432] (weedbot_simulation) StdoutLine: {'line': b'creating /home/sanya/fyp/W.I.P.E.R/install/weedbot_simulation/share/ament_index/resource_index/packages\n'}
[3.554568] (weedbot_simulation) StdoutLine: {'line': b'symbolically linking /home/sanya/fyp/W.I.P.E.R/build/weedbot_simulation/resource/weedbot_simulation -> /home/sanya/fyp/W.I.P.E.R/install/weedbot_simulation/share/ament_index/resource_index/packages\n'}
[3.554751] (weedbot_simulation) StdoutLine: {'line': b'symbolically linking /home/sanya/fyp/W.I.P.E.R/build/weedbot_simulation/package.xml -> /home/sanya/fyp/W.I.P.E.R/install/weedbot_simulation/share/weedbot_simulation\n'}
[3.554886] (weedbot_simulation) StdoutLine: {'line': b'creating /home/sanya/fyp/W.I.P.E.R/install/weedbot_simulation/share/weedbot_simulation/launch\n'}
[3.555060] (weedbot_simulation) StdoutLine: {'line': b'symbolically linking /home/sanya/fyp/W.I.P.E.R/build/weedbot_simulation/launch/simulation_launch.py -> /home/sanya/fyp/W.I.P.E.R/install/weedbot_simulation/share/weedbot_simulation/launch\n'}
[3.555181] (weedbot_simulation) StdoutLine: {'line': b'symbolically linking /home/sanya/fyp/W.I.P.E.R/build/weedbot_simulation/launch/full_system_launch.py -> /home/sanya/fyp/W.I.P.E.R/install/weedbot_simulation/share/weedbot_simulation/launch\n'}
[3.555332] (weedbot_simulation) StdoutLine: {'line': b'creating /home/sanya/fyp/W.I.P.E.R/install/weedbot_simulation/share/weedbot_simulation/worlds\n'}
[3.555482] (weedbot_simulation) StdoutLine: {'line': b'symbolically linking /home/sanya/fyp/W.I.P.E.R/build/weedbot_simulation/worlds/farm_field.world -> /home/sanya/fyp/W.I.P.E.R/install/weedbot_simulation/share/weedbot_simulation/worlds\n'}
[3.555635] (weedbot_simulation) StdoutLine: {'line': b'creating /home/sanya/fyp/W.I.P.E.R/install/weedbot_simulation/share/weedbot_simulation/urdf\n'}
[3.555785] (weedbot_simulation) StdoutLine: {'line': b'symbolically linking /home/sanya/fyp/W.I.P.E.R/build/weedbot_simulation/urdf/tractor.urdf.xacro -> /home/sanya/fyp/W.I.P.E.R/install/weedbot_simulation/share/weedbot_simulation/urdf\n'}
[3.555945] (weedbot_simulation) StdoutLine: {'line': b'creating /home/sanya/fyp/W.I.P.E.R/install/weedbot_simulation/share/weedbot_simulation/models\n'}
[3.556090] (weedbot_simulation) StdoutLine: {'line': b'creating /home/sanya/fyp/W.I.P.E.R/install/weedbot_simulation/share/weedbot_simulation/models/weed\n'}
[3.556228] (weedbot_simulation) StdoutLine: {'line': b'symbolically linking /home/sanya/fyp/W.I.P.E.R/build/weedbot_simulation/models/weed/model.sdf -> /home/sanya/fyp/W.I.P.E.R/install/weedbot_simulation/share/weedbot_simulation/models/weed\n'}
[3.556411] (weedbot_simulation) StdoutLine: {'line': b'symbolically linking /home/sanya/fyp/W.I.P.E.R/build/weedbot_simulation/models/weed/model.config -> /home/sanya/fyp/W.I.P.E.R/install/weedbot_simulation/share/weedbot_simulation/models/weed\n'}
[3.608267] (-) TimerEvent: {}
[3.615913] (weedbot_simulation) CommandEnded: {'returncode': 0}
[3.646448] (weedbot_simulation) JobEnded: {'identifier': 'weedbot_simulation', 'rc': 0}
[3.708398] (-) TimerEvent: {}
[3.808767] (-) TimerEvent: {}
[3.909111] (-) TimerEvent: {}
[4.009472] (-) TimerEvent: {}
[4.109888] (-) TimerEvent: {}
[4.210221] (-) TimerEvent: {}
[4.310580] (-) TimerEvent: {}
[4.410897] (-) TimerEvent: {}
[4.511218] (-) TimerEvent: {}
[4.611541] (-) TimerEvent: {}
[4.711847] (-) TimerEvent: {}
[4.812190] (-) TimerEvent: {}
[4.821296] (weedbot_interfaces) StdoutLine: {'line': b'-- Using all available rosidl_typesupport_c: rosidl_typesupport_fastrtps_c;rosidl_typesupport_introspection_c\n'}
[4.912329] (-) TimerEvent: {}
[5.012657] (-) TimerEvent: {}
[5.113003] (-) TimerEvent: {}
[5.213394] (-) TimerEvent: {}
[5.313724] (-) TimerEvent: {}
[5.414058] (-) TimerEvent: {}
[5.440042] (weedbot_interfaces) StdoutLine: {'line': b'-- Using all available rosidl_typesupport_cpp: rosidl_typesupport_fastrtps_cpp;rosidl_typesupport_introspection_cpp\n'}
[5.446312] (weedbot_interfaces) StdoutLine: {'line': b'-- Found python_cmake_module: 0.11.1 (/opt/ros/jazzy/share/python_cmake_module/cmake)\n'}
[5.514198] (-) TimerEvent: {}
[5.614572] (-) TimerEvent: {}
[5.672379] (weedbot_interfaces) StdoutLine: {'line': b'-- Found PythonExtra: /usr/bin/python3  \n'}
[5.714687] (-) TimerEvent: {}
[5.814981] (-) TimerEvent: {}
[5.915276] (-) TimerEvent: {}
[6.015581] (-) TimerEvent: {}
[6.115900] (-) TimerEvent: {}
[6.216212] (-) TimerEvent: {}
[6.316537] (-) TimerEvent: {}
[6.416807] (-) TimerEvent: {}
[6.517141] (-) TimerEvent: {}
[6.518120] (weedbot_interfaces) StdoutLine: {'line': b'-- Found Python3: /usr/bin/python3 (found version "3.12.3") found components: Interpreter Development NumPy Development.Module Development.Embed \n'}
[6.617251] (-) TimerEvent: {}
[6.717599] (-) TimerEvent: {}
[6.771272] (weedbot_interfaces) StdoutLine: {'line': b'-- Found Python3: /usr/bin/python3 (found version "3.12.3") found components: Interpreter \n'}
[6.801111] (weedbot_interfaces) StdoutLine: {'line': b'-- Configuring done (6.7s)\n'}
[6.817704] (-) TimerEvent: {}
[6.893956] (weedbot_interfaces) StdoutLine: {'line': b'-- Generating done (0.1s)\n'}
[6.917833] (-) TimerEvent: {}
[6.918413] (weedbot_interfaces) StdoutLine: {'line': b'-- Build files have been written to: /home/sanya/fyp/W.I.P.E.R/build/weedbot_interfaces\n'}
[6.937788] (weedbot_interfaces) CommandEnded: {'returncode': 0}
[6.938893] (weedbot_interfaces) JobProgress: {'identifier': 'weedbot_interfaces', 'progress': 'build'}
[6.938945] (weedbot_interfaces) Command: {'cmd': ['/usr/bin/cmake', '--build', '/home/sanya/fyp/W.I.P.E.R/build/weedbot_interfaces', '--', '-j12', '-l12'], 'cwd': '/home/sanya/fyp/W.I.P.E.R/build/weedbot_interfaces', 'env': OrderedDict({'GJS_DEBUG_TOPICS': 'JS ERROR;JS LOG', 'PYTHON_BASIC_REPL': '1', 'LESSOPEN': '| /usr/bin/lesspipe %s', 'USER': 'sanya', 'FONTCONFIG_PATH': '/etc/fonts', 'GIO_MODULE_DIR': '/home/sanya/snap/code/common/.cache/gio-modules', 'XDG_SESSION_TYPE': 'wayland', 'GIT_ASKPASS': '/snap/code/235/usr/share/code/resources/app/extensions/git/dist/askpass.sh', 'GTK_EXE_PREFIX_VSCODE_SNAP_ORIG': '', 'GDK_BACKEND_VSCODE_SNAP_ORIG': '', 'CLUTTER_DISABLE_MIPMAPPED_TEXT': '1', 'SHLVL': '1', 'LD_LIBRARY_PATH': '/opt/ros/jazzy/opt/rviz_ogre_vendor/lib:/opt/ros/jazzy/lib/x86_64-linux-gnu:/opt/ros/jazzy/opt/gz_math_vendor/lib:/opt/ros/jazzy/opt/gz_utils_vendor/lib:/opt/ros/jazzy/opt/gz_cmake_vendor/lib:/opt/ros/jazzy/lib', 'HOME': '/home/sanya', 'CHROME_DESKTOP': 'code.desktop', 'LOCPATH_VSCODE_SNAP_ORIG': '', 'OLDPWD': '/home/sanya/fyp/W.I.P.E.R/frontend', 'TERM_PROGRAM_VERSION': '1.117.0', 'DESKTOP_SESSION': 'ubuntu', 'GTK_PATH': '/snap/code/235/usr/lib/x86_64-linux-gnu/gtk-3.0', 'XDG_DATA_HOME_VSCODE_SNAP_ORIG': '', 'GTK_IM_MODULE_FILE': '/home/sanya/snap/code/common/.cache/immodules/immodules.cache', 'GIO_LAUNCHED_DESKTOP_FILE': '/var/lib/snapd/desktop/applications/code_code.desktop', 'ROS_PYTHON_VERSION': '3', 'GNOME_SHELL_SESSION_MODE': 'ubuntu', 'GTK_MODULES': 'gail:atk-bridge', 'GSETTINGS_SCHEMA_DIR_VSCODE_SNAP_ORIG': '', 'VSCODE_GIT_ASKPASS_MAIN': '/snap/code/235/usr/share/code/resources/app/extensions/git/dist/askpass-main.js', 'VSCODE_GIT_ASKPASS_NODE': '/snap/code/235/usr/share/code/code', 'MANAGERPID': '2055', 'PYDEVD_DISABLE_FILE_VALIDATION': '1', 'SYSTEMD_EXEC_PID': '2304', 'BUNDLED_DEBUGPY_PATH': '/home/sanya/.vscode/extensions/ms-python.debugpy-2026.4.0-linux-x64/bundled/libs/debugpy', 'IM_CONFIG_CHECK_ENV': '1', 'VSCODE_PYTHON_AUTOACTIVATE_GUARD': '1', 'GSM_SKIP_SSH_AGENT_WORKAROUND': 'true', 'DBUS_SESSION_BUS_ADDRESS': 'unix:path=/run/user/1000/bus', 'COLORTERM': 'truecolor', 'GIO_LAUNCHED_DESKTOP_FILE_PID': '4650', 'DEBUGINFOD_URLS': 'https://debuginfod.ubuntu.com', 'IM_CONFIG_PHASE': '1', 'WAYLAND_DISPLAY': 'wayland-0', 'ROS_DISTRO': 'jazzy', 'LOGNAME': 'sanya', 'JOURNAL_STREAM': '9:20877', '_': '/usr/bin/colcon', 'ROS_VERSION': '2', 'XDG_CONFIG_DIRS_VSCODE_SNAP_ORIG': '/etc/xdg/xdg-ubuntu:/etc/xdg', 'MEMORY_PRESSURE_WATCH': '/sys/fs/cgroup/user.slice/user-1000.slice/user@1000.service/session.slice/org.gnome.Shell@wayland.service/memory.pressure', 'CLAUDE_CODE_SSE_PORT': '60630', 'XDG_SESSION_CLASS': 'user', 'XDG_DATA_DIRS_VSCODE_SNAP_ORIG': '/usr/share/ubuntu:/usr/share/gnome:/usr/local/share/:/usr/share/:/var/lib/snapd/desktop', 'USERNAME': 'sanya', 'TERM': 'xterm-256color', 'GNOME_DESKTOP_SESSION_ID': 'this-is-deprecated', 'FC_FONTATIONS': '1', 'PATH': '/opt/ros/jazzy/bin:/home/sanya/.local/bin:/home/sanya/.local/bin:/usr/local/sbin:/usr/local/bin:/usr/sbin:/usr/bin:/sbin:/bin:/usr/games:/usr/local/games:/snap/bin:/snap/bin:/home/sanya/.vscode/extensions/ms-python.debugpy-2026.4.0-linux-x64/bundled/scripts/noConfigScripts', 'SESSION_MANAGER': 'local/sanya-R14P-Series:@/tmp/.ICE-unix/2263,unix/sanya-R14P-Series:/tmp/.ICE-unix/2263', 'GTK_EXE_PREFIX': '/snap/code/235/usr', 'INVOCATION_ID': '7a3165c4d5b443a7be62895e53b5ebe7', 'XDG_MENU_PREFIX': 'gnome-', 'GNOME_SETUP_DISPLAY': ':1', 'XDG_RUNTIME_DIR': '/run/user/1000', 'GDK_BACKEND': 'x11', 'DISPLAY': ':0', 'LOCPATH': '/snap/code/235/usr/lib/locale', 'VSCODE_DEBUGPY_ADAPTER_ENDPOINTS': '/home/sanya/.vscode/extensions/ms-python.debugpy-2026.4.0-linux-x64/.noConfigDebugAdapterEndpoints/endpoint-58909b861d5c081c.txt', 'LANG': 'en_US.UTF-8', 'XDG_CURRENT_DESKTOP': 'ubuntu:GNOME', 'PYTHONSTARTUP': '/home/sanya/.config/Code/User/workspaceStorage/d451e44e768164a9904be184ac239207/ms-python.python/pythonrc.py', 'GIO_MODULE_DIR_VSCODE_SNAP_ORIG': '', 'XDG_DATA_HOME': '/home/sanya/snap/code/235/.local/share', 'XMODIFIERS': '@im=ibus', 'XDG_SESSION_DESKTOP': 'ubuntu', 'XAUTHORITY': '/run/user/1000/.mutter-Xwaylandauth.IJENO3', 'LS_COLORS': 'rs=0:di=01;34:ln=01;36:mh=00:pi=40;33:so=01;35:do=01;35:bd=40;33;01:cd=40;33;01:or=40;31;01:mi=00:su=37;41:sg=30;43:ca=00:tw=30;42:ow=34;42:st=37;44:ex=01;32:*.tar=01;31:*.tgz=01;31:*.arc=01;31:*.arj=01;31:*.taz=01;31:*.lha=01;31:*.lz4=01;31:*.lzh=01;31:*.lzma=01;31:*.tlz=01;31:*.txz=01;31:*.tzo=01;31:*.t7z=01;31:*.zip=01;31:*.z=01;31:*.dz=01;31:*.gz=01;31:*.lrz=01;31:*.lz=01;31:*.lzo=01;31:*.xz=01;31:*.zst=01;31:*.tzst=01;31:*.bz2=01;31:*.bz=01;31:*.tbz=01;31:*.tbz2=01;31:*.tz=01;31:*.deb=01;31:*.rpm=01;31:*.jar=01;31:*.war=01;31:*.ear=01;31:*.sar=01;31:*.rar=01;31:*.alz=01;31:*.ace=01;31:*.zoo=01;31:*.cpio=01;31:*.7z=01;31:*.rz=01;31:*.cab=01;31:*.wim=01;31:*.swm=01;31:*.dwm=01;31:*.esd=01;31:*.avif=01;35:*.jpg=01;35:*.jpeg=01;35:*.mjpg=01;35:*.mjpeg=01;35:*.gif=01;35:*.bmp=01;35:*.pbm=01;35:*.pgm=01;35:*.ppm=01;35:*.tga=01;35:*.xbm=01;35:*.xpm=01;35:*.tif=01;35:*.tiff=01;35:*.png=01;35:*.svg=01;35:*.svgz=01;35:*.mng=01;35:*.pcx=01;35:*.mov=01;35:*.mpg=01;35:*.mpeg=01;35:*.m2v=01;35:*.mkv=01;35:*.webm=01;35:*.webp=01;35:*.ogm=01;35:*.mp4=01;35:*.m4v=01;35:*.mp4v=01;35:*.vob=01;35:*.qt=01;35:*.nuv=01;35:*.wmv=01;35:*.asf=01;35:*.rm=01;35:*.rmvb=01;35:*.flc=01;35:*.avi=01;35:*.fli=01;35:*.flv=01;35:*.gl=01;35:*.dl=01;35:*.xcf=01;35:*.xwd=01;35:*.yuv=01;35:*.cgm=01;35:*.emf=01;35:*.ogv=01;35:*.ogx=01;35:*.aac=00;36:*.au=00;36:*.flac=00;36:*.m4a=00;36:*.mid=00;36:*.midi=00;36:*.mka=00;36:*.mp3=00;36:*.mpc=00;36:*.ogg=00;36:*.ra=00;36:*.wav=00;36:*.oga=00;36:*.opus=00;36:*.spx=00;36:*.xspf=00;36:*~=00;90:*#=00;90:*.bak=00;90:*.crdownload=00;90:*.dpkg-dist=00;90:*.dpkg-new=00;90:*.dpkg-old=00;90:*.dpkg-tmp=00;90:*.old=00;90:*.orig=00;90:*.part=00;90:*.rej=00;90:*.rpmnew=00;90:*.rpmorig=00;90:*.rpmsave=00;90:*.swp=00;90:*.tmp=00;90:*.ucf-dist=00;90:*.ucf-new=00;90:*.ucf-old=00;90:', 'VSCODE_GIT_IPC_HANDLE': '/run/user/1000/vscode-git-88cd893123.sock', 'TERM_PROGRAM': 'vscode', 'SSH_AUTH_SOCK': '/run/user/1000/keyring/ssh', 'GSETTINGS_SCHEMA_DIR': '/home/sanya/snap/code/235/.local/share/glib-2.0/schemas', 'AMENT_PREFIX_PATH': '/opt/ros/jazzy', 'SHELL': '/bin/bash', 'QT_ACCESSIBILITY': '1', 'GDMSESSION': 'ubuntu', 'LESSCLOSE': '/usr/bin/lesspipe %s %s', 'GTK_PATH_VSCODE_SNAP_ORIG': '', 'FONTCONFIG_FILE': '/etc/fonts/fonts.conf', 'GTK_IM_MODULE_FILE_VSCODE_SNAP_ORIG': '', 'GJS_DEBUG_OUTPUT': 'stderr', 'ROS_AUTOMATIC_DISCOVERY_RANGE': 'SUBNET', 'VSCODE_GIT_ASKPASS_EXTRA_ARGS': '', 'QT_IM_MODULE': 'ibus', 'PWD': '/home/sanya/fyp/W.I.P.E.R/build/weedbot_interfaces', 'LC_ALL': 'en_US.UTF-8', 'XDG_CONFIG_DIRS': '/etc/xdg/xdg-ubuntu:/etc/xdg', 'XDG_DATA_DIRS': '/home/sanya/snap/code/235/.local/share:/home/sanya/snap/code/235:/snap/code/235/usr/share:/usr/share/ubuntu:/usr/share/gnome:/usr/local/share/:/usr/share/:/var/lib/snapd/desktop', 'PYTHONPATH': '/opt/ros/jazzy/lib/python3.12/site-packages', 'COLCON': '1', 'MEMORY_PRESSURE_WRITE': 'c29tZSAyMDAwMDAgMjAwMDAwMAA=', 'CMAKE_PREFIX_PATH': '/opt/ros/jazzy/opt/gz_math_vendor:/opt/ros/jazzy/opt/gz_utils_vendor:/opt/ros/jazzy/opt/gz_cmake_vendor:/opt/ros/jazzy'}), 'shell': False}
[7.017931] (-) TimerEvent: {}
[7.026402] (weedbot_interfaces) StdoutLine: {'line': b'[  2%] \x1b[34m\x1b[1mGenerating Rust code for ROS interfaces\x1b[0m\n'}
[7.029965] (weedbot_interfaces) StdoutLine: {'line': b'[  4%] \x1b[34m\x1b[1mGenerating type hashes for ROS interfaces\x1b[0m\n'}
[7.044515] (weedbot_interfaces) StdoutLine: {'line': b'[  4%] Built target ament_cmake_python_symlink_weedbot_interfaces\n'}
[7.118057] (-) TimerEvent: {}
[7.218392] (-) TimerEvent: {}
[7.318725] (-) TimerEvent: {}
[7.419058] (-) TimerEvent: {}
[7.462311] (weedbot_interfaces) StdoutLine: {'line': b'running egg_info\n'}
[7.463647] (weedbot_interfaces) StdoutLine: {'line': b'creating weedbot_interfaces.egg-info\n'}
[7.505440] (weedbot_interfaces) StdoutLine: {'line': b'writing weedbot_interfaces.egg-info/PKG-INFO\n'}
[7.505924] (weedbot_interfaces) StdoutLine: {'line': b'writing dependency_links to weedbot_interfaces.egg-info/dependency_links.txt\n'}
[7.506321] (weedbot_interfaces) StdoutLine: {'line': b'writing top-level names to weedbot_interfaces.egg-info/top_level.txt\n'}
[7.506557] (weedbot_interfaces) StdoutLine: {'line': b"writing manifest file 'weedbot_interfaces.egg-info/SOURCES.txt'\n"}
[7.516320] (weedbot_interfaces) StdoutLine: {'line': b'[  4%] Built target weedbot_interfaces__rosidl_generator_type_description\n'}
[7.519159] (-) TimerEvent: {}
[7.534804] (weedbot_interfaces) StdoutLine: {'line': b'[  6%] \x1b[34m\x1b[1mGenerating C code for ROS interfaces\x1b[0m\n'}
[7.550177] (weedbot_interfaces) StdoutLine: {'line': b'[  6%] Built target weedbot_interfaces__rs\n'}
[7.555571] (weedbot_interfaces) StdoutLine: {'line': b'[  8%] \x1b[34m\x1b[1mGenerating C++ code for ROS interfaces\x1b[0m\n'}
[7.619295] (-) TimerEvent: {}
[7.641111] (weedbot_interfaces) StdoutLine: {'line': b"reading manifest file 'weedbot_interfaces.egg-info/SOURCES.txt'\n"}
[7.642079] (weedbot_interfaces) StdoutLine: {'line': b"writing manifest file 'weedbot_interfaces.egg-info/SOURCES.txt'\n"}
[7.687802] (weedbot_interfaces) StdoutLine: {'line': b'[  8%] Built target ament_cmake_python_build_weedbot_interfaces_egg\n'}
[7.719403] (-) TimerEvent: {}
[7.819645] (-) TimerEvent: {}
[7.920062] (-) TimerEvent: {}
[8.020385] (-) TimerEvent: {}
[8.120709] (-) TimerEvent: {}
[8.128793] (weedbot_interfaces) StdoutLine: {'line': b'[  8%] Built target weedbot_interfaces__cpp\n'}
[8.200062] (weedbot_interfaces) StdoutLine: {'line': b'[ 15%] \x1b[32mBuilding C object CMakeFiles/weedbot_interfaces__rosidl_generator_c.dir/rosidl_generator_c/weedbot_interfaces/msg/detail/weed_detection__description.c.o\x1b[0m\n'}
[8.200466] (weedbot_interfaces) StdoutLine: {'line': b'[ 15%] \x1b[32mBuilding C object CMakeFiles/weedbot_interfaces__rosidl_generator_c.dir/rosidl_generator_c/weedbot_interfaces/msg/detail/weed_detection__functions.c.o\x1b[0m\n'}
[8.200716] (weedbot_interfaces) StdoutLine: {'line': b'[ 15%] \x1b[32mBuilding C object CMakeFiles/weedbot_interfaces__rosidl_generator_c.dir/rosidl_generator_c/weedbot_interfaces/msg/detail/weed_detection__type_support.c.o\x1b[0m\n'}
[8.200908] (weedbot_interfaces) StdoutLine: {'line': b'[ 17%] \x1b[32mBuilding C object CMakeFiles/weedbot_interfaces__rosidl_generator_c.dir/rosidl_generator_c/weedbot_interfaces/msg/detail/weed_array__description.c.o\x1b[0m\n'}
[8.201060] (weedbot_interfaces) StdoutLine: {'line': b'[ 20%] \x1b[32mBuilding C object CMakeFiles/weedbot_interfaces__rosidl_generator_c.dir/rosidl_generator_c/weedbot_interfaces/msg/detail/weed_array__functions.c.o\x1b[0m\n'}
[8.201201] (weedbot_interfaces) StdoutLine: {'line': b'[ 22%] \x1b[32mBuilding C object CMakeFiles/weedbot_interfaces__rosidl_generator_c.dir/rosidl_generator_c/weedbot_interfaces/msg/detail/weed_array__type_support.c.o\x1b[0m\n'}
[8.220838] (-) TimerEvent: {}
[8.313509] (weedbot_interfaces) StdoutLine: {'line': b'[ 24%] \x1b[32m\x1b[1mLinking C shared library libweedbot_interfaces__rosidl_generator_c.so\x1b[0m\n'}
[8.320939] (-) TimerEvent: {}
[8.388366] (weedbot_interfaces) StdoutLine: {'line': b'[ 24%] Built target weedbot_interfaces__rosidl_generator_c\n'}
[8.406138] (weedbot_interfaces) StdoutLine: {'line': b'[ 33%] \x1b[34m\x1b[1mGenerating C introspection for ROS interfaces\x1b[0m\n'}
[8.406480] (weedbot_interfaces) StdoutLine: {'line': b'[ 33%] \x1b[34m\x1b[1mGenerating C type support dispatch for ROS interfaces\x1b[0m\n'}
[8.406616] (weedbot_interfaces) StdoutLine: {'line': b'[ 33%] \x1b[34m\x1b[1mGenerating C++ type support for eProsima Fast-RTPS\x1b[0m\n'}
[8.406719] (weedbot_interfaces) StdoutLine: {'line': b'[ 33%] \x1b[34m\x1b[1mGenerating C type support for eProsima Fast-RTPS\x1b[0m\n'}
[8.406944] (weedbot_interfaces) StdoutLine: {'line': b'[ 35%] \x1b[34m\x1b[1mGenerating C++ introspection for ROS interfaces\x1b[0m\n'}
[8.407298] (weedbot_interfaces) StdoutLine: {'line': b'[ 37%] \x1b[34m\x1b[1mGenerating C++ type support dispatch for ROS interfaces\x1b[0m\n'}
[8.421058] (-) TimerEvent: {}
[8.521371] (-) TimerEvent: {}
[8.621662] (-) TimerEvent: {}
[8.721961] (-) TimerEvent: {}
[8.822280] (-) TimerEvent: {}
[8.890887] (weedbot_interfaces) StdoutLine: {'line': b'[ 42%] \x1b[32mBuilding CXX object CMakeFiles/weedbot_interfaces__rosidl_typesupport_c.dir/rosidl_typesupport_c/weedbot_interfaces/msg/weed_detection__type_support.cpp.o\x1b[0m\n'}
[8.891178] (weedbot_interfaces) StdoutLine: {'line': b'[ 42%] \x1b[32mBuilding CXX object CMakeFiles/weedbot_interfaces__rosidl_typesupport_c.dir/rosidl_typesupport_c/weedbot_interfaces/msg/weed_array__type_support.cpp.o\x1b[0m\n'}
[8.892418] (weedbot_interfaces) StdoutLine: {'line': b'[ 44%] \x1b[32mBuilding CXX object CMakeFiles/weedbot_interfaces__rosidl_typesupport_cpp.dir/rosidl_typesupport_cpp/weedbot_interfaces/msg/weed_array__type_support.cpp.o\x1b[0m\n'}
[8.893528] (weedbot_interfaces) StdoutLine: {'line': b'[ 46%] \x1b[32mBuilding CXX object CMakeFiles/weedbot_interfaces__rosidl_typesupport_cpp.dir/rosidl_typesupport_cpp/weedbot_interfaces/msg/weed_detection__type_support.cpp.o\x1b[0m\n'}
[8.919474] (weedbot_interfaces) StdoutLine: {'line': b'[ 48%] \x1b[32mBuilding CXX object CMakeFiles/weedbot_interfaces__rosidl_typesupport_introspection_cpp.dir/rosidl_typesupport_introspection_cpp/weedbot_interfaces/msg/detail/weed_detection__type_support.cpp.o\x1b[0m\n'}
[8.919834] (weedbot_interfaces) StdoutLine: {'line': b'[ 51%] \x1b[32mBuilding CXX object CMakeFiles/weedbot_interfaces__rosidl_typesupport_introspection_cpp.dir/rosidl_typesupport_introspection_cpp/weedbot_interfaces/msg/detail/weed_array__type_support.cpp.o\x1b[0m\n'}
[8.922380] (-) TimerEvent: {}
[8.925315] (weedbot_interfaces) StdoutLine: {'line': b'[ 55%] \x1b[32mBuilding C object CMakeFiles/weedbot_interfaces__rosidl_typesupport_introspection_c.dir/rosidl_typesupport_introspection_c/weedbot_interfaces/msg/detail/weed_detection__type_support.c.o\x1b[0m\n'}
[8.925597] (weedbot_interfaces) StdoutLine: {'line': b'[ 55%] \x1b[32mBuilding C object CMakeFiles/weedbot_interfaces__rosidl_typesupport_introspection_c.dir/rosidl_typesupport_introspection_c/weedbot_interfaces/msg/detail/weed_array__type_support.c.o\x1b[0m\n'}
[8.986330] (weedbot_interfaces) StdoutLine: {'line': b'[ 57%] \x1b[32m\x1b[1mLinking CXX shared library libweedbot_interfaces__rosidl_typesupport_c.so\x1b[0m\n'}
[8.987696] (weedbot_interfaces) StdoutLine: {'line': b'[ 60%] \x1b[32mBuilding CXX object CMakeFiles/weedbot_interfaces__rosidl_typesupport_fastrtps_cpp.dir/rosidl_typesupport_fastrtps_cpp/weedbot_interfaces/msg/detail/dds_fastrtps/weed_detection__type_support.cpp.o\x1b[0m\n'}
[8.988445] (weedbot_interfaces) StdoutLine: {'line': b'[ 62%] \x1b[32mBuilding CXX object CMakeFiles/weedbot_interfaces__rosidl_typesupport_fastrtps_cpp.dir/rosidl_typesupport_fastrtps_cpp/weedbot_interfaces/msg/detail/dds_fastrtps/weed_array__type_support.cpp.o\x1b[0m\n'}
[9.002033] (weedbot_interfaces) StdoutLine: {'line': b'[ 64%] \x1b[32mBuilding CXX object CMakeFiles/weedbot_interfaces__rosidl_typesupport_fastrtps_c.dir/rosidl_typesupport_fastrtps_c/weedbot_interfaces/msg/detail/weed_detection__type_support_c.cpp.o\x1b[0m\n'}
[9.002329] (weedbot_interfaces) StdoutLine: {'line': b'[ 66%] \x1b[32mBuilding CXX object CMakeFiles/weedbot_interfaces__rosidl_typesupport_fastrtps_c.dir/rosidl_typesupport_fastrtps_c/weedbot_interfaces/msg/detail/weed_array__type_support_c.cpp.o\x1b[0m\n'}
[9.022002] (weedbot_interfaces) StdoutLine: {'line': b'[ 68%] \x1b[32m\x1b[1mLinking C shared library libweedbot_interfaces__rosidl_typesupport_introspection_c.so\x1b[0m\n'}
[9.022458] (-) TimerEvent: {}
[9.078855] (weedbot_interfaces) StdoutLine: {'line': b'[ 68%] Built target weedbot_interfaces__rosidl_typesupport_c\n'}
[9.087712] (weedbot_interfaces) StdoutLine: {'line': b'[ 68%] Built target weedbot_interfaces__rosidl_typesupport_introspection_c\n'}
[9.122595] (-) TimerEvent: {}
[9.222935] (-) TimerEvent: {}
[9.323354] (-) TimerEvent: {}
[9.423765] (-) TimerEvent: {}
[9.441987] (weedbot_interfaces) StdoutLine: {'line': b'[ 71%] \x1b[32m\x1b[1mLinking CXX shared library libweedbot_interfaces__rosidl_typesupport_cpp.so\x1b[0m\n'}
[9.506944] (weedbot_interfaces) StdoutLine: {'line': b'[ 71%] Built target weedbot_interfaces__rosidl_typesupport_cpp\n'}
[9.523881] (-) TimerEvent: {}
[9.624239] (-) TimerEvent: {}
[9.640278] (weedbot_interfaces) StdoutLine: {'line': b'[ 73%] \x1b[32m\x1b[1mLinking CXX shared library libweedbot_interfaces__rosidl_typesupport_introspection_cpp.so\x1b[0m\n'}
[9.710910] (weedbot_interfaces) StdoutLine: {'line': b'[ 75%] \x1b[32m\x1b[1mLinking CXX shared library libweedbot_interfaces__rosidl_typesupport_fastrtps_c.so\x1b[0m\n'}
[9.724358] (-) TimerEvent: {}
[9.727911] (weedbot_interfaces) StdoutLine: {'line': b'[ 75%] Built target weedbot_interfaces__rosidl_typesupport_introspection_cpp\n'}
[9.753396] (weedbot_interfaces) StdoutLine: {'line': b'[ 77%] \x1b[32m\x1b[1mLinking CXX shared library libweedbot_interfaces__rosidl_typesupport_fastrtps_cpp.so\x1b[0m\n'}
[9.795897] (weedbot_interfaces) StdoutLine: {'line': b'[ 77%] Built target weedbot_interfaces__rosidl_typesupport_fastrtps_c\n'}
[9.824481] (-) TimerEvent: {}
[9.871999] (weedbot_interfaces) StdoutLine: {'line': b'[ 77%] Built target weedbot_interfaces__rosidl_typesupport_fastrtps_cpp\n'}
[9.892529] (weedbot_interfaces) StdoutLine: {'line': b'[ 77%] Built target weedbot_interfaces\n'}
[9.912515] (weedbot_interfaces) StdoutLine: {'line': b'[ 80%] \x1b[34m\x1b[1mGenerating Python code for ROS interfaces\x1b[0m\n'}
[9.924567] (-) TimerEvent: {}
[10.024788] (-) TimerEvent: {}
[10.124997] (-) TimerEvent: {}
[10.225189] (-) TimerEvent: {}
[10.325426] (-) TimerEvent: {}
[10.334429] (weedbot_interfaces) StdoutLine: {'line': b'[ 80%] Built target weedbot_interfaces__py\n'}
[10.359336] (weedbot_interfaces) StdoutLine: {'line': b'[ 82%] \x1b[32mBuilding C object CMakeFiles/weedbot_interfaces__rosidl_generator_py.dir/rosidl_generator_py/weedbot_interfaces/msg/_weed_detection_s.c.o\x1b[0m\n'}
[10.359521] (weedbot_interfaces) StdoutLine: {'line': b'[ 84%] \x1b[32mBuilding C object CMakeFiles/weedbot_interfaces__rosidl_generator_py.dir/rosidl_generator_py/weedbot_interfaces/msg/_weed_array_s.c.o\x1b[0m\n'}
[10.425520] (-) TimerEvent: {}
[10.525794] (-) TimerEvent: {}
[10.562554] (weedbot_interfaces) StdoutLine: {'line': b'[ 86%] \x1b[32m\x1b[1mLinking C shared library libweedbot_interfaces__rosidl_generator_py.so\x1b[0m\n'}
[10.608832] (weedbot_interfaces) StdoutLine: {'line': b'[ 86%] Built target weedbot_interfaces__rosidl_generator_py\n'}
[10.625897] (-) TimerEvent: {}
[10.628132] (weedbot_interfaces) StdoutLine: {'line': b'[ 93%] \x1b[32mBuilding C object CMakeFiles/weedbot_interfaces_s__rosidl_typesupport_introspection_c.dir/rosidl_generator_py/weedbot_interfaces/_weedbot_interfaces_s.ep.rosidl_typesupport_introspection_c.c.o\x1b[0m\n'}
[10.628296] (weedbot_interfaces) StdoutLine: {'line': b'[ 93%] \x1b[32mBuilding C object CMakeFiles/weedbot_interfaces_s__rosidl_typesupport_fastrtps_c.dir/rosidl_generator_py/weedbot_interfaces/_weedbot_interfaces_s.ep.rosidl_typesupport_fastrtps_c.c.o\x1b[0m\n'}
[10.628358] (weedbot_interfaces) StdoutLine: {'line': b'[ 93%] \x1b[32mBuilding C object CMakeFiles/weedbot_interfaces_s__rosidl_typesupport_c.dir/rosidl_generator_py/weedbot_interfaces/_weedbot_interfaces_s.ep.rosidl_typesupport_c.c.o\x1b[0m\n'}
[10.726014] (-) TimerEvent: {}
[10.730991] (weedbot_interfaces) StdoutLine: {'line': b'[ 97%] \x1b[32m\x1b[1mLinking C shared module rosidl_generator_py/weedbot_interfaces/weedbot_interfaces_s__rosidl_typesupport_c.so\x1b[0m\n'}
[10.731212] (weedbot_interfaces) StdoutLine: {'line': b'[ 97%] \x1b[32m\x1b[1mLinking C shared module rosidl_generator_py/weedbot_interfaces/weedbot_interfaces_s__rosidl_typesupport_introspection_c.so\x1b[0m\n'}
[10.733247] (weedbot_interfaces) StdoutLine: {'line': b'[100%] \x1b[32m\x1b[1mLinking C shared module rosidl_generator_py/weedbot_interfaces/weedbot_interfaces_s__rosidl_typesupport_fastrtps_c.so\x1b[0m\n'}
[10.768820] (weedbot_interfaces) StdoutLine: {'line': b'[100%] Built target weedbot_interfaces_s__rosidl_typesupport_c\n'}
[10.769042] (weedbot_interfaces) StdoutLine: {'line': b'[100%] Built target weedbot_interfaces_s__rosidl_typesupport_introspection_c\n'}
[10.770398] (weedbot_interfaces) StdoutLine: {'line': b'[100%] Built target weedbot_interfaces_s__rosidl_typesupport_fastrtps_c\n'}
[10.781480] (weedbot_interfaces) CommandEnded: {'returncode': 0}
[10.782085] (weedbot_interfaces) JobProgress: {'identifier': 'weedbot_interfaces', 'progress': 'install'}
[10.790294] (weedbot_interfaces) Command: {'cmd': ['/usr/bin/cmake', '--install', '/home/sanya/fyp/W.I.P.E.R/build/weedbot_interfaces'], 'cwd': '/home/sanya/fyp/W.I.P.E.R/build/weedbot_interfaces', 'env': OrderedDict({'GJS_DEBUG_TOPICS': 'JS ERROR;JS LOG', 'PYTHON_BASIC_REPL': '1', 'LESSOPEN': '| /usr/bin/lesspipe %s', 'USER': 'sanya', 'FONTCONFIG_PATH': '/etc/fonts', 'GIO_MODULE_DIR': '/home/sanya/snap/code/common/.cache/gio-modules', 'XDG_SESSION_TYPE': 'wayland', 'GIT_ASKPASS': '/snap/code/235/usr/share/code/resources/app/extensions/git/dist/askpass.sh', 'GTK_EXE_PREFIX_VSCODE_SNAP_ORIG': '', 'GDK_BACKEND_VSCODE_SNAP_ORIG': '', 'CLUTTER_DISABLE_MIPMAPPED_TEXT': '1', 'SHLVL': '1', 'LD_LIBRARY_PATH': '/opt/ros/jazzy/opt/rviz_ogre_vendor/lib:/opt/ros/jazzy/lib/x86_64-linux-gnu:/opt/ros/jazzy/opt/gz_math_vendor/lib:/opt/ros/jazzy/opt/gz_utils_vendor/lib:/opt/ros/jazzy/opt/gz_cmake_vendor/lib:/opt/ros/jazzy/lib', 'HOME': '/home/sanya', 'CHROME_DESKTOP': 'code.desktop', 'LOCPATH_VSCODE_SNAP_ORIG': '', 'OLDPWD': '/home/sanya/fyp/W.I.P.E.R/frontend', 'TERM_PROGRAM_VERSION': '1.117.0', 'DESKTOP_SESSION': 'ubuntu', 'GTK_PATH': '/snap/code/235/usr/lib/x86_64-linux-gnu/gtk-3.0', 'XDG_DATA_HOME_VSCODE_SNAP_ORIG': '', 'GTK_IM_MODULE_FILE': '/home/sanya/snap/code/common/.cache/immodules/immodules.cache', 'GIO_LAUNCHED_DESKTOP_FILE': '/var/lib/snapd/desktop/applications/code_code.desktop', 'ROS_PYTHON_VERSION': '3', 'GNOME_SHELL_SESSION_MODE': 'ubuntu', 'GTK_MODULES': 'gail:atk-bridge', 'GSETTINGS_SCHEMA_DIR_VSCODE_SNAP_ORIG': '', 'VSCODE_GIT_ASKPASS_MAIN': '/snap/code/235/usr/share/code/resources/app/extensions/git/dist/askpass-main.js', 'VSCODE_GIT_ASKPASS_NODE': '/snap/code/235/usr/share/code/code', 'MANAGERPID': '2055', 'PYDEVD_DISABLE_FILE_VALIDATION': '1', 'SYSTEMD_EXEC_PID': '2304', 'BUNDLED_DEBUGPY_PATH': '/home/sanya/.vscode/extensions/ms-python.debugpy-2026.4.0-linux-x64/bundled/libs/debugpy', 'IM_CONFIG_CHECK_ENV': '1', 'VSCODE_PYTHON_AUTOACTIVATE_GUARD': '1', 'GSM_SKIP_SSH_AGENT_WORKAROUND': 'true', 'DBUS_SESSION_BUS_ADDRESS': 'unix:path=/run/user/1000/bus', 'COLORTERM': 'truecolor', 'GIO_LAUNCHED_DESKTOP_FILE_PID': '4650', 'DEBUGINFOD_URLS': 'https://debuginfod.ubuntu.com', 'IM_CONFIG_PHASE': '1', 'WAYLAND_DISPLAY': 'wayland-0', 'ROS_DISTRO': 'jazzy', 'LOGNAME': 'sanya', 'JOURNAL_STREAM': '9:20877', '_': '/usr/bin/colcon', 'ROS_VERSION': '2', 'XDG_CONFIG_DIRS_VSCODE_SNAP_ORIG': '/etc/xdg/xdg-ubuntu:/etc/xdg', 'MEMORY_PRESSURE_WATCH': '/sys/fs/cgroup/user.slice/user-1000.slice/user@1000.service/session.slice/org.gnome.Shell@wayland.service/memory.pressure', 'CLAUDE_CODE_SSE_PORT': '60630', 'XDG_SESSION_CLASS': 'user', 'XDG_DATA_DIRS_VSCODE_SNAP_ORIG': '/usr/share/ubuntu:/usr/share/gnome:/usr/local/share/:/usr/share/:/var/lib/snapd/desktop', 'USERNAME': 'sanya', 'TERM': 'xterm-256color', 'GNOME_DESKTOP_SESSION_ID': 'this-is-deprecated', 'FC_FONTATIONS': '1', 'PATH': '/opt/ros/jazzy/bin:/home/sanya/.local/bin:/home/sanya/.local/bin:/usr/local/sbin:/usr/local/bin:/usr/sbin:/usr/bin:/sbin:/bin:/usr/games:/usr/local/games:/snap/bin:/snap/bin:/home/sanya/.vscode/extensions/ms-python.debugpy-2026.4.0-linux-x64/bundled/scripts/noConfigScripts', 'SESSION_MANAGER': 'local/sanya-R14P-Series:@/tmp/.ICE-unix/2263,unix/sanya-R14P-Series:/tmp/.ICE-unix/2263', 'GTK_EXE_PREFIX': '/snap/code/235/usr', 'INVOCATION_ID': '7a3165c4d5b443a7be62895e53b5ebe7', 'XDG_MENU_PREFIX': 'gnome-', 'GNOME_SETUP_DISPLAY': ':1', 'XDG_RUNTIME_DIR': '/run/user/1000', 'GDK_BACKEND': 'x11', 'DISPLAY': ':0', 'LOCPATH': '/snap/code/235/usr/lib/locale', 'VSCODE_DEBUGPY_ADAPTER_ENDPOINTS': '/home/sanya/.vscode/extensions/ms-python.debugpy-2026.4.0-linux-x64/.noConfigDebugAdapterEndpoints/endpoint-58909b861d5c081c.txt', 'LANG': 'en_US.UTF-8', 'XDG_CURRENT_DESKTOP': 'ubuntu:GNOME', 'PYTHONSTARTUP': '/home/sanya/.config/Code/User/workspaceStorage/d451e44e768164a9904be184ac239207/ms-python.python/pythonrc.py', 'GIO_MODULE_DIR_VSCODE_SNAP_ORIG': '', 'XDG_DATA_HOME': '/home/sanya/snap/code/235/.local/share', 'XMODIFIERS': '@im=ibus', 'XDG_SESSION_DESKTOP': 'ubuntu', 'XAUTHORITY': '/run/user/1000/.mutter-Xwaylandauth.IJENO3', 'LS_COLORS': 'rs=0:di=01;34:ln=01;36:mh=00:pi=40;33:so=01;35:do=01;35:bd=40;33;01:cd=40;33;01:or=40;31;01:mi=00:su=37;41:sg=30;43:ca=00:tw=30;42:ow=34;42:st=37;44:ex=01;32:*.tar=01;31:*.tgz=01;31:*.arc=01;31:*.arj=01;31:*.taz=01;31:*.lha=01;31:*.lz4=01;31:*.lzh=01;31:*.lzma=01;31:*.tlz=01;31:*.txz=01;31:*.tzo=01;31:*.t7z=01;31:*.zip=01;31:*.z=01;31:*.dz=01;31:*.gz=01;31:*.lrz=01;31:*.lz=01;31:*.lzo=01;31:*.xz=01;31:*.zst=01;31:*.tzst=01;31:*.bz2=01;31:*.bz=01;31:*.tbz=01;31:*.tbz2=01;31:*.tz=01;31:*.deb=01;31:*.rpm=01;31:*.jar=01;31:*.war=01;31:*.ear=01;31:*.sar=01;31:*.rar=01;31:*.alz=01;31:*.ace=01;31:*.zoo=01;31:*.cpio=01;31:*.7z=01;31:*.rz=01;31:*.cab=01;31:*.wim=01;31:*.swm=01;31:*.dwm=01;31:*.esd=01;31:*.avif=01;35:*.jpg=01;35:*.jpeg=01;35:*.mjpg=01;35:*.mjpeg=01;35:*.gif=01;35:*.bmp=01;35:*.pbm=01;35:*.pgm=01;35:*.ppm=01;35:*.tga=01;35:*.xbm=01;35:*.xpm=01;35:*.tif=01;35:*.tiff=01;35:*.png=01;35:*.svg=01;35:*.svgz=01;35:*.mng=01;35:*.pcx=01;35:*.mov=01;35:*.mpg=01;35:*.mpeg=01;35:*.m2v=01;35:*.mkv=01;35:*.webm=01;35:*.webp=01;35:*.ogm=01;35:*.mp4=01;35:*.m4v=01;35:*.mp4v=01;35:*.vob=01;35:*.qt=01;35:*.nuv=01;35:*.wmv=01;35:*.asf=01;35:*.rm=01;35:*.rmvb=01;35:*.flc=01;35:*.avi=01;35:*.fli=01;35:*.flv=01;35:*.gl=01;35:*.dl=01;35:*.xcf=01;35:*.xwd=01;35:*.yuv=01;35:*.cgm=01;35:*.emf=01;35:*.ogv=01;35:*.ogx=01;35:*.aac=00;36:*.au=00;36:*.flac=00;36:*.m4a=00;36:*.mid=00;36:*.midi=00;36:*.mka=00;36:*.mp3=00;36:*.mpc=00;36:*.ogg=00;36:*.ra=00;36:*.wav=00;36:*.oga=00;36:*.opus=00;36:*.spx=00;36:*.xspf=00;36:*~=00;90:*#=00;90:*.bak=00;90:*.crdownload=00;90:*.dpkg-dist=00;90:*.dpkg-new=00;90:*.dpkg-old=00;90:*.dpkg-tmp=00;90:*.old=00;90:*.orig=00;90:*.part=00;90:*.rej=00;90:*.rpmnew=00;90:*.rpmorig=00;90:*.rpmsave=00;90:*.swp=00;90:*.tmp=00;90:*.ucf-dist=00;90:*.ucf-new=00;90:*.ucf-old=00;90:', 'VSCODE_GIT_IPC_HANDLE': '/run/user/1000/vscode-git-88cd893123.sock', 'TERM_PROGRAM': 'vscode', 'SSH_AUTH_SOCK': '/run/user/1000/keyring/ssh', 'GSETTINGS_SCHEMA_DIR': '/home/sanya/snap/code/235/.local/share/glib-2.0/schemas', 'AMENT_PREFIX_PATH': '/opt/ros/jazzy', 'SHELL': '/bin/bash', 'QT_ACCESSIBILITY': '1', 'GDMSESSION': 'ubuntu', 'LESSCLOSE': '/usr/bin/lesspipe %s %s', 'GTK_PATH_VSCODE_SNAP_ORIG': '', 'FONTCONFIG_FILE': '/etc/fonts/fonts.conf', 'GTK_IM_MODULE_FILE_VSCODE_SNAP_ORIG': '', 'GJS_DEBUG_OUTPUT': 'stderr', 'ROS_AUTOMATIC_DISCOVERY_RANGE': 'SUBNET', 'VSCODE_GIT_ASKPASS_EXTRA_ARGS': '', 'QT_IM_MODULE': 'ibus', 'PWD': '/home/sanya/fyp/W.I.P.E.R/build/weedbot_interfaces', 'LC_ALL': 'en_US.UTF-8', 'XDG_CONFIG_DIRS': '/etc/xdg/xdg-ubuntu:/etc/xdg', 'XDG_DATA_DIRS': '/home/sanya/snap/code/235/.local/share:/home/sanya/snap/code/235:/snap/code/235/usr/share:/usr/share/ubuntu:/usr/share/gnome:/usr/local/share/:/usr/share/:/var/lib/snapd/desktop', 'PYTHONPATH': '/opt/ros/jazzy/lib/python3.12/site-packages', 'COLCON': '1', 'MEMORY_PRESSURE_WRITE': 'c29tZSAyMDAwMDAgMjAwMDAwMAA=', 'CMAKE_PREFIX_PATH': '/opt/ros/jazzy/opt/gz_math_vendor:/opt/ros/jazzy/opt/gz_utils_vendor:/opt/ros/jazzy/opt/gz_cmake_vendor:/opt/ros/jazzy'}), 'shell': False}
[10.797727] (weedbot_interfaces) StdoutLine: {'line': b'-- Install configuration: ""\n'}
[10.798272] (weedbot_interfaces) StdoutLine: {'line': b'-- Execute custom install script\n'}
[10.798616] (weedbot_interfaces) StdoutLine: {'line': b'-- Symlinking: /home/sanya/fyp/W.I.P.E.R/install/weedbot_interfaces/share/ament_index/resource_index/rosidl_interfaces/weedbot_interfaces\n'}
[10.806434] (weedbot_interfaces) StdoutLine: {'line': b'-- Symlinking: /home/sanya/fyp/W.I.P.E.R/install/weedbot_interfaces/share/weedbot_interfaces/msg/WeedDetection.json\n'}
[10.814169] (weedbot_interfaces) StdoutLine: {'line': b'-- Symlinking: /home/sanya/fyp/W.I.P.E.R/install/weedbot_interfaces/share/weedbot_interfaces/msg/WeedArray.json\n'}
[10.821720] (weedbot_interfaces) StdoutLine: {'line': b'-- Symlinking: /home/sanya/fyp/W.I.P.E.R/install/weedbot_interfaces/include/weedbot_interfaces/weedbot_interfaces/msg/detail/weed_array__functions.h\n'}
[10.826081] (-) TimerEvent: {}
[10.828817] (weedbot_interfaces) StdoutLine: {'line': b'-- Symlinking: /home/sanya/fyp/W.I.P.E.R/install/weedbot_interfaces/include/weedbot_interfaces/weedbot_interfaces/msg/detail/weed_array__struct.h\n'}
[10.839565] (weedbot_interfaces) StdoutLine: {'line': b'-- Symlinking: /home/sanya/fyp/W.I.P.E.R/install/weedbot_interfaces/include/weedbot_interfaces/weedbot_interfaces/msg/detail/weed_array__type_support.h\n'}
[10.848628] (weedbot_interfaces) StdoutLine: {'line': b'-- Symlinking: /home/sanya/fyp/W.I.P.E.R/install/weedbot_interfaces/include/weedbot_interfaces/weedbot_interfaces/msg/detail/weed_detection__functions.h\n'}
[10.856725] (weedbot_interfaces) StdoutLine: {'line': b'-- Symlinking: /home/sanya/fyp/W.I.P.E.R/install/weedbot_interfaces/include/weedbot_interfaces/weedbot_interfaces/msg/detail/weed_detection__struct.h\n'}
[10.865049] (weedbot_interfaces) StdoutLine: {'line': b'-- Symlinking: /home/sanya/fyp/W.I.P.E.R/install/weedbot_interfaces/include/weedbot_interfaces/weedbot_interfaces/msg/detail/weed_detection__type_support.h\n'}
[10.872304] (weedbot_interfaces) StdoutLine: {'line': b'-- Symlinking: /home/sanya/fyp/W.I.P.E.R/install/weedbot_interfaces/include/weedbot_interfaces/weedbot_interfaces/msg/rosidl_generator_c__visibility_control.h\n'}
[10.879285] (weedbot_interfaces) StdoutLine: {'line': b'-- Symlinking: /home/sanya/fyp/W.I.P.E.R/install/weedbot_interfaces/include/weedbot_interfaces/weedbot_interfaces/msg/weed_array.h\n'}
[10.887397] (weedbot_interfaces) StdoutLine: {'line': b'-- Symlinking: /home/sanya/fyp/W.I.P.E.R/install/weedbot_interfaces/include/weedbot_interfaces/weedbot_interfaces/msg/weed_detection.h\n'}
[10.894906] (weedbot_interfaces) StdoutLine: {'line': b'-- Symlinking: /home/sanya/fyp/W.I.P.E.R/install/weedbot_interfaces/share/weedbot_interfaces/environment/library_path.sh\n'}
[10.902183] (weedbot_interfaces) StdoutLine: {'line': b'-- Symlinking: /home/sanya/fyp/W.I.P.E.R/install/weedbot_interfaces/share/weedbot_interfaces/environment/library_path.dsv\n'}
[10.909866] (weedbot_interfaces) StdoutLine: {'line': b'-- Symlinking: /home/sanya/fyp/W.I.P.E.R/install/weedbot_interfaces/include/weedbot_interfaces/weedbot_interfaces/msg/detail/weed_array__rosidl_typesupport_fastrtps_c.h\n'}
[10.916950] (weedbot_interfaces) StdoutLine: {'line': b'-- Symlinking: /home/sanya/fyp/W.I.P.E.R/install/weedbot_interfaces/include/weedbot_interfaces/weedbot_interfaces/msg/detail/weed_detection__rosidl_typesupport_fastrtps_c.h\n'}
[10.923606] (weedbot_interfaces) StdoutLine: {'line': b'-- Symlinking: /home/sanya/fyp/W.I.P.E.R/install/weedbot_interfaces/include/weedbot_interfaces/weedbot_interfaces/msg/rosidl_typesupport_fastrtps_c__visibility_control.h\n'}
[10.926165] (-) TimerEvent: {}
[10.930628] (weedbot_interfaces) StdoutLine: {'line': b'-- Symlinking: /home/sanya/fyp/W.I.P.E.R/install/weedbot_interfaces/include/weedbot_interfaces/weedbot_interfaces/msg/detail/weed_array__builder.hpp\n'}
[10.941630] (weedbot_interfaces) StdoutLine: {'line': b'-- Symlinking: /home/sanya/fyp/W.I.P.E.R/install/weedbot_interfaces/include/weedbot_interfaces/weedbot_interfaces/msg/detail/weed_array__struct.hpp\n'}
[10.950562] (weedbot_interfaces) StdoutLine: {'line': b'-- Symlinking: /home/sanya/fyp/W.I.P.E.R/install/weedbot_interfaces/include/weedbot_interfaces/weedbot_interfaces/msg/detail/weed_array__traits.hpp\n'}
[10.958778] (weedbot_interfaces) StdoutLine: {'line': b'-- Symlinking: /home/sanya/fyp/W.I.P.E.R/install/weedbot_interfaces/include/weedbot_interfaces/weedbot_interfaces/msg/detail/weed_array__type_support.hpp\n'}
[10.966862] (weedbot_interfaces) StdoutLine: {'line': b'-- Symlinking: /home/sanya/fyp/W.I.P.E.R/install/weedbot_interfaces/include/weedbot_interfaces/weedbot_interfaces/msg/detail/weed_detection__builder.hpp\n'}
[10.973667] (weedbot_interfaces) StdoutLine: {'line': b'-- Symlinking: /home/sanya/fyp/W.I.P.E.R/install/weedbot_interfaces/include/weedbot_interfaces/weedbot_interfaces/msg/detail/weed_detection__struct.hpp\n'}
[10.980329] (weedbot_interfaces) StdoutLine: {'line': b'-- Symlinking: /home/sanya/fyp/W.I.P.E.R/install/weedbot_interfaces/include/weedbot_interfaces/weedbot_interfaces/msg/detail/weed_detection__traits.hpp\n'}
[10.987388] (weedbot_interfaces) StdoutLine: {'line': b'-- Symlinking: /home/sanya/fyp/W.I.P.E.R/install/weedbot_interfaces/include/weedbot_interfaces/weedbot_interfaces/msg/detail/weed_detection__type_support.hpp\n'}
[10.994243] (weedbot_interfaces) StdoutLine: {'line': b'-- Symlinking: /home/sanya/fyp/W.I.P.E.R/install/weedbot_interfaces/include/weedbot_interfaces/weedbot_interfaces/msg/rosidl_generator_cpp__visibility_control.hpp\n'}
[11.001026] (weedbot_interfaces) StdoutLine: {'line': b'-- Symlinking: /home/sanya/fyp/W.I.P.E.R/install/weedbot_interfaces/include/weedbot_interfaces/weedbot_interfaces/msg/weed_array.hpp\n'}
[11.007886] (weedbot_interfaces) StdoutLine: {'line': b'-- Symlinking: /home/sanya/fyp/W.I.P.E.R/install/weedbot_interfaces/include/weedbot_interfaces/weedbot_interfaces/msg/weed_detection.hpp\n'}
[11.015450] (weedbot_interfaces) StdoutLine: {'line': b'-- Symlinking: /home/sanya/fyp/W.I.P.E.R/install/weedbot_interfaces/include/weedbot_interfaces/weedbot_interfaces/msg/detail/weed_array__rosidl_typesupport_fastrtps_cpp.hpp\n'}
[11.022830] (weedbot_interfaces) StdoutLine: {'line': b'-- Symlinking: /home/sanya/fyp/W.I.P.E.R/install/weedbot_interfaces/include/weedbot_interfaces/weedbot_interfaces/msg/detail/weed_detection__rosidl_typesupport_fastrtps_cpp.hpp\n'}
[11.026247] (-) TimerEvent: {}
[11.030058] (weedbot_interfaces) StdoutLine: {'line': b'-- Symlinking: /home/sanya/fyp/W.I.P.E.R/install/weedbot_interfaces/include/weedbot_interfaces/weedbot_interfaces/msg/rosidl_typesupport_fastrtps_cpp__visibility_control.h\n'}
[11.041912] (weedbot_interfaces) StdoutLine: {'line': b'-- Symlinking: /home/sanya/fyp/W.I.P.E.R/install/weedbot_interfaces/include/weedbot_interfaces/weedbot_interfaces/msg/detail/weed_array__rosidl_typesupport_introspection_c.h\n'}
[11.050472] (weedbot_interfaces) StdoutLine: {'line': b'-- Symlinking: /home/sanya/fyp/W.I.P.E.R/install/weedbot_interfaces/include/weedbot_interfaces/weedbot_interfaces/msg/detail/weed_detection__rosidl_typesupport_introspection_c.h\n'}
[11.058408] (weedbot_interfaces) StdoutLine: {'line': b'-- Symlinking: /home/sanya/fyp/W.I.P.E.R/install/weedbot_interfaces/include/weedbot_interfaces/weedbot_interfaces/msg/rosidl_typesupport_introspection_c__visibility_control.h\n'}
[11.065704] (weedbot_interfaces) StdoutLine: {'line': b'-- Symlinking: /home/sanya/fyp/W.I.P.E.R/install/weedbot_interfaces/include/weedbot_interfaces/weedbot_interfaces/msg/detail/weed_array__rosidl_typesupport_introspection_cpp.hpp\n'}
[11.072731] (weedbot_interfaces) StdoutLine: {'line': b'-- Symlinking: /home/sanya/fyp/W.I.P.E.R/install/weedbot_interfaces/include/weedbot_interfaces/weedbot_interfaces/msg/detail/weed_detection__rosidl_typesupport_introspection_cpp.hpp\n'}
[11.080169] (weedbot_interfaces) StdoutLine: {'line': b'-- Symlinking: /home/sanya/fyp/W.I.P.E.R/install/weedbot_interfaces/share/weedbot_interfaces/environment/pythonpath.sh\n'}
[11.087208] (weedbot_interfaces) StdoutLine: {'line': b'-- Symlinking: /home/sanya/fyp/W.I.P.E.R/install/weedbot_interfaces/share/weedbot_interfaces/environment/pythonpath.dsv\n'}
[11.094732] (weedbot_interfaces) StdoutLine: {'line': b'-- Symlinking: /home/sanya/fyp/W.I.P.E.R/install/weedbot_interfaces/lib/python3.12/site-packages/weedbot_interfaces-0.0.1-py3.12.egg-info/PKG-INFO\n'}
[11.102260] (weedbot_interfaces) StdoutLine: {'line': b'-- Symlinking: /home/sanya/fyp/W.I.P.E.R/install/weedbot_interfaces/lib/python3.12/site-packages/weedbot_interfaces-0.0.1-py3.12.egg-info/SOURCES.txt\n'}
[11.109132] (weedbot_interfaces) StdoutLine: {'line': b'-- Symlinking: /home/sanya/fyp/W.I.P.E.R/install/weedbot_interfaces/lib/python3.12/site-packages/weedbot_interfaces-0.0.1-py3.12.egg-info/dependency_links.txt\n'}
[11.117267] (weedbot_interfaces) StdoutLine: {'line': b'-- Symlinking: /home/sanya/fyp/W.I.P.E.R/install/weedbot_interfaces/lib/python3.12/site-packages/weedbot_interfaces-0.0.1-py3.12.egg-info/top_level.txt\n'}
[11.126332] (-) TimerEvent: {}
[11.126907] (weedbot_interfaces) StdoutLine: {'line': b'-- Symlinking: /home/sanya/fyp/W.I.P.E.R/install/weedbot_interfaces/lib/python3.12/site-packages/weedbot_interfaces/__init__.py\n'}
[11.136515] (weedbot_interfaces) StdoutLine: {'line': b'-- Symlinking: /home/sanya/fyp/W.I.P.E.R/install/weedbot_interfaces/lib/python3.12/site-packages/weedbot_interfaces/_weedbot_interfaces_s.ep.rosidl_typesupport_c.c\n'}
[11.147635] (weedbot_interfaces) StdoutLine: {'line': b'-- Symlinking: /home/sanya/fyp/W.I.P.E.R/install/weedbot_interfaces/lib/python3.12/site-packages/weedbot_interfaces/_weedbot_interfaces_s.ep.rosidl_typesupport_fastrtps_c.c\n'}
[11.155467] (weedbot_interfaces) StdoutLine: {'line': b'-- Symlinking: /home/sanya/fyp/W.I.P.E.R/install/weedbot_interfaces/lib/python3.12/site-packages/weedbot_interfaces/_weedbot_interfaces_s.ep.rosidl_typesupport_introspection_c.c\n'}
[11.162883] (weedbot_interfaces) StdoutLine: {'line': b'-- Symlinking: /home/sanya/fyp/W.I.P.E.R/install/weedbot_interfaces/lib/python3.12/site-packages/weedbot_interfaces/msg/__init__.py\n'}
[11.169666] (weedbot_interfaces) StdoutLine: {'line': b'-- Symlinking: /home/sanya/fyp/W.I.P.E.R/install/weedbot_interfaces/lib/python3.12/site-packages/weedbot_interfaces/msg/_weed_array.py\n'}
[11.176444] (weedbot_interfaces) StdoutLine: {'line': b'-- Symlinking: /home/sanya/fyp/W.I.P.E.R/install/weedbot_interfaces/lib/python3.12/site-packages/weedbot_interfaces/msg/_weed_array_s.c\n'}
[11.183067] (weedbot_interfaces) StdoutLine: {'line': b'-- Symlinking: /home/sanya/fyp/W.I.P.E.R/install/weedbot_interfaces/lib/python3.12/site-packages/weedbot_interfaces/msg/_weed_detection.py\n'}
[11.190085] (weedbot_interfaces) StdoutLine: {'line': b'-- Symlinking: /home/sanya/fyp/W.I.P.E.R/install/weedbot_interfaces/lib/python3.12/site-packages/weedbot_interfaces/msg/_weed_detection_s.c\n'}
[11.196900] (weedbot_interfaces) StdoutLine: {'line': b'-- Symlinking: /home/sanya/fyp/W.I.P.E.R/install/weedbot_interfaces/lib/python3.12/site-packages/weedbot_interfaces/weedbot_interfaces_s__rosidl_typesupport_c.so\n'}
[11.205037] (weedbot_interfaces) StdoutLine: {'line': b'-- Symlinking: /home/sanya/fyp/W.I.P.E.R/install/weedbot_interfaces/lib/python3.12/site-packages/weedbot_interfaces/weedbot_interfaces_s__rosidl_typesupport_fastrtps_c.so\n'}
[11.214139] (weedbot_interfaces) StdoutLine: {'line': b'-- Symlinking: /home/sanya/fyp/W.I.P.E.R/install/weedbot_interfaces/lib/python3.12/site-packages/weedbot_interfaces/weedbot_interfaces_s__rosidl_typesupport_introspection_c.so\n'}
[11.222139] (weedbot_interfaces) StdoutLine: {'line': b'-- Up-to-date symlink: /home/sanya/fyp/W.I.P.E.R/install/weedbot_interfaces/lib/python3.12/site-packages/weedbot_interfaces/weedbot_interfaces_s__rosidl_typesupport_fastrtps_c.so\n'}
[11.222437] (weedbot_interfaces) StdoutLine: {'line': b'-- Up-to-date symlink: /home/sanya/fyp/W.I.P.E.R/install/weedbot_interfaces/lib/python3.12/site-packages/weedbot_interfaces/weedbot_interfaces_s__rosidl_typesupport_introspection_c.so\n'}
[11.222729] (weedbot_interfaces) StdoutLine: {'line': b'-- Up-to-date symlink: /home/sanya/fyp/W.I.P.E.R/install/weedbot_interfaces/lib/python3.12/site-packages/weedbot_interfaces/weedbot_interfaces_s__rosidl_typesupport_c.so\n'}
[11.222974] (weedbot_interfaces) StdoutLine: {'line': b'-- Symlinking: /home/sanya/fyp/W.I.P.E.R/install/weedbot_interfaces/share/ament_index/resource_index/rust_packages/weedbot_interfaces\n'}
[11.226411] (-) TimerEvent: {}
[11.231514] (weedbot_interfaces) StdoutLine: {'line': b'-- Symlinking: /home/sanya/fyp/W.I.P.E.R/install/weedbot_interfaces/share/weedbot_interfaces/rust/Cargo.toml\n'}
[11.243118] (weedbot_interfaces) StdoutLine: {'line': b'-- Symlinking: /home/sanya/fyp/W.I.P.E.R/install/weedbot_interfaces/share/weedbot_interfaces/rust/build.rs\n'}
[11.251619] (weedbot_interfaces) StdoutLine: {'line': b'-- Symlinking: /home/sanya/fyp/W.I.P.E.R/install/weedbot_interfaces/share/weedbot_interfaces/rust/src/lib.rs\n'}
[11.259436] (weedbot_interfaces) StdoutLine: {'line': b'-- Symlinking: /home/sanya/fyp/W.I.P.E.R/install/weedbot_interfaces/share/weedbot_interfaces/rust/src/msg.rs\n'}
[11.267596] (weedbot_interfaces) StdoutLine: {'line': b'-- Symlinking: /home/sanya/fyp/W.I.P.E.R/install/weedbot_interfaces/share/weedbot_interfaces/rust/src/msg/rmw.rs\n'}
[11.274862] (weedbot_interfaces) StdoutLine: {'line': b'-- Symlinking: /home/sanya/fyp/W.I.P.E.R/install/weedbot_interfaces/share/weedbot_interfaces/msg/WeedDetection.idl\n'}
[11.282308] (weedbot_interfaces) StdoutLine: {'line': b'-- Symlinking: /home/sanya/fyp/W.I.P.E.R/install/weedbot_interfaces/share/weedbot_interfaces/msg/WeedArray.idl\n'}
[11.290356] (weedbot_interfaces) StdoutLine: {'line': b'-- Symlinking: /home/sanya/fyp/W.I.P.E.R/install/weedbot_interfaces/share/weedbot_interfaces/msg/WeedDetection.msg\n'}
[11.297420] (weedbot_interfaces) StdoutLine: {'line': b'-- Symlinking: /home/sanya/fyp/W.I.P.E.R/install/weedbot_interfaces/share/weedbot_interfaces/msg/WeedArray.msg\n'}
[11.305627] (weedbot_interfaces) StdoutLine: {'line': b'-- Symlinking: /home/sanya/fyp/W.I.P.E.R/install/weedbot_interfaces/share/ament_index/resource_index/package_run_dependencies/weedbot_interfaces\n'}
[11.312801] (weedbot_interfaces) StdoutLine: {'line': b'-- Symlinking: /home/sanya/fyp/W.I.P.E.R/install/weedbot_interfaces/share/ament_index/resource_index/parent_prefix_path/weedbot_interfaces\n'}
[11.319596] (weedbot_interfaces) StdoutLine: {'line': b'-- Symlinking: /home/sanya/fyp/W.I.P.E.R/install/weedbot_interfaces/share/weedbot_interfaces/environment/ament_prefix_path.sh\n'}
[11.326509] (-) TimerEvent: {}
[11.328291] (weedbot_interfaces) StdoutLine: {'line': b'-- Symlinking: /home/sanya/fyp/W.I.P.E.R/install/weedbot_interfaces/share/weedbot_interfaces/environment/ament_prefix_path.dsv\n'}
[11.338605] (weedbot_interfaces) StdoutLine: {'line': b'-- Symlinking: /home/sanya/fyp/W.I.P.E.R/install/weedbot_interfaces/share/weedbot_interfaces/environment/path.sh\n'}
[11.348157] (weedbot_interfaces) StdoutLine: {'line': b'-- Symlinking: /home/sanya/fyp/W.I.P.E.R/install/weedbot_interfaces/share/weedbot_interfaces/environment/path.dsv\n'}
[11.356262] (weedbot_interfaces) StdoutLine: {'line': b'-- Symlinking: /home/sanya/fyp/W.I.P.E.R/install/weedbot_interfaces/share/weedbot_interfaces/local_setup.bash\n'}
[11.363345] (weedbot_interfaces) StdoutLine: {'line': b'-- Symlinking: /home/sanya/fyp/W.I.P.E.R/install/weedbot_interfaces/share/weedbot_interfaces/local_setup.sh\n'}
[11.370280] (weedbot_interfaces) StdoutLine: {'line': b'-- Symlinking: /home/sanya/fyp/W.I.P.E.R/install/weedbot_interfaces/share/weedbot_interfaces/local_setup.zsh\n'}
[11.377071] (weedbot_interfaces) StdoutLine: {'line': b'-- Symlinking: /home/sanya/fyp/W.I.P.E.R/install/weedbot_interfaces/share/weedbot_interfaces/local_setup.dsv\n'}
[11.383929] (weedbot_interfaces) StdoutLine: {'line': b'-- Symlinking: /home/sanya/fyp/W.I.P.E.R/install/weedbot_interfaces/share/weedbot_interfaces/package.dsv\n'}
[11.390727] (weedbot_interfaces) StdoutLine: {'line': b'-- Symlinking: /home/sanya/fyp/W.I.P.E.R/install/weedbot_interfaces/share/ament_index/resource_index/packages/weedbot_interfaces\n'}
[11.398339] (weedbot_interfaces) StdoutLine: {'line': b'-- Symlinking: /home/sanya/fyp/W.I.P.E.R/install/weedbot_interfaces/share/weedbot_interfaces/cmake/rosidl_cmake-extras.cmake\n'}
[11.406068] (weedbot_interfaces) StdoutLine: {'line': b'-- Symlinking: /home/sanya/fyp/W.I.P.E.R/install/weedbot_interfaces/share/weedbot_interfaces/cmake/ament_cmake_export_dependencies-extras.cmake\n'}
[11.412933] (weedbot_interfaces) StdoutLine: {'line': b'-- Symlinking: /home/sanya/fyp/W.I.P.E.R/install/weedbot_interfaces/share/weedbot_interfaces/cmake/ament_cmake_export_include_directories-extras.cmake\n'}
[11.420386] (weedbot_interfaces) StdoutLine: {'line': b'-- Symlinking: /home/sanya/fyp/W.I.P.E.R/install/weedbot_interfaces/share/weedbot_interfaces/cmake/ament_cmake_export_libraries-extras.cmake\n'}
[11.426586] (-) TimerEvent: {}
[11.427298] (weedbot_interfaces) StdoutLine: {'line': b'-- Symlinking: /home/sanya/fyp/W.I.P.E.R/install/weedbot_interfaces/share/weedbot_interfaces/cmake/ament_cmake_export_targets-extras.cmake\n'}
[11.435480] (weedbot_interfaces) StdoutLine: {'line': b'-- Symlinking: /home/sanya/fyp/W.I.P.E.R/install/weedbot_interfaces/share/weedbot_interfaces/cmake/rosidl_cmake_export_typesupport_targets-extras.cmake\n'}
[11.447057] (weedbot_interfaces) StdoutLine: {'line': b'-- Symlinking: /home/sanya/fyp/W.I.P.E.R/install/weedbot_interfaces/share/weedbot_interfaces/cmake/rosidl_cmake_export_typesupport_libraries-extras.cmake\n'}
[11.455414] (weedbot_interfaces) StdoutLine: {'line': b'-- Symlinking: /home/sanya/fyp/W.I.P.E.R/install/weedbot_interfaces/share/weedbot_interfaces/cmake/weedbot_interfacesConfig.cmake\n'}
[11.463148] (weedbot_interfaces) StdoutLine: {'line': b'-- Symlinking: /home/sanya/fyp/W.I.P.E.R/install/weedbot_interfaces/share/weedbot_interfaces/cmake/weedbot_interfacesConfig-version.cmake\n'}
[11.470700] (weedbot_interfaces) StdoutLine: {'line': b'-- Symlinking: /home/sanya/fyp/W.I.P.E.R/install/weedbot_interfaces/share/weedbot_interfaces/package.xml\n'}
[11.479033] (weedbot_interfaces) StdoutLine: {'line': b'-- Installing: /home/sanya/fyp/W.I.P.E.R/install/weedbot_interfaces/lib/libweedbot_interfaces__rosidl_generator_c.so\n'}
[11.479517] (weedbot_interfaces) StdoutLine: {'line': b'-- Set non-toolchain portion of runtime path of "/home/sanya/fyp/W.I.P.E.R/install/weedbot_interfaces/lib/libweedbot_interfaces__rosidl_generator_c.so" to ""\n'}
[11.479677] (weedbot_interfaces) StdoutLine: {'line': b'-- Installing: /home/sanya/fyp/W.I.P.E.R/install/weedbot_interfaces/lib/libweedbot_interfaces__rosidl_typesupport_fastrtps_c.so\n'}
[11.480011] (weedbot_interfaces) StdoutLine: {'line': b'-- Set non-toolchain portion of runtime path of "/home/sanya/fyp/W.I.P.E.R/install/weedbot_interfaces/lib/libweedbot_interfaces__rosidl_typesupport_fastrtps_c.so" to ""\n'}
[11.480161] (weedbot_interfaces) StdoutLine: {'line': b'-- Installing: /home/sanya/fyp/W.I.P.E.R/install/weedbot_interfaces/lib/libweedbot_interfaces__rosidl_typesupport_fastrtps_cpp.so\n'}
[11.480541] (weedbot_interfaces) StdoutLine: {'line': b'-- Set non-toolchain portion of runtime path of "/home/sanya/fyp/W.I.P.E.R/install/weedbot_interfaces/lib/libweedbot_interfaces__rosidl_typesupport_fastrtps_cpp.so" to ""\n'}
[11.480702] (weedbot_interfaces) StdoutLine: {'line': b'-- Installing: /home/sanya/fyp/W.I.P.E.R/install/weedbot_interfaces/lib/libweedbot_interfaces__rosidl_typesupport_introspection_c.so\n'}
[11.481000] (weedbot_interfaces) StdoutLine: {'line': b'-- Set non-toolchain portion of runtime path of "/home/sanya/fyp/W.I.P.E.R/install/weedbot_interfaces/lib/libweedbot_interfaces__rosidl_typesupport_introspection_c.so" to ""\n'}
[11.481129] (weedbot_interfaces) StdoutLine: {'line': b'-- Installing: /home/sanya/fyp/W.I.P.E.R/install/weedbot_interfaces/lib/libweedbot_interfaces__rosidl_typesupport_c.so\n'}
[11.481353] (weedbot_interfaces) StdoutLine: {'line': b'-- Set non-toolchain portion of runtime path of "/home/sanya/fyp/W.I.P.E.R/install/weedbot_interfaces/lib/libweedbot_interfaces__rosidl_typesupport_c.so" to ""\n'}
[11.481490] (weedbot_interfaces) StdoutLine: {'line': b'-- Installing: /home/sanya/fyp/W.I.P.E.R/install/weedbot_interfaces/lib/libweedbot_interfaces__rosidl_typesupport_introspection_cpp.so\n'}
[11.481911] (weedbot_interfaces) StdoutLine: {'line': b'-- Set non-toolchain portion of runtime path of "/home/sanya/fyp/W.I.P.E.R/install/weedbot_interfaces/lib/libweedbot_interfaces__rosidl_typesupport_introspection_cpp.so" to ""\n'}
[11.482035] (weedbot_interfaces) StdoutLine: {'line': b'-- Installing: /home/sanya/fyp/W.I.P.E.R/install/weedbot_interfaces/lib/libweedbot_interfaces__rosidl_typesupport_cpp.so\n'}
[11.482307] (weedbot_interfaces) StdoutLine: {'line': b'-- Set non-toolchain portion of runtime path of "/home/sanya/fyp/W.I.P.E.R/install/weedbot_interfaces/lib/libweedbot_interfaces__rosidl_typesupport_cpp.so" to ""\n'}
[11.518225] (weedbot_interfaces) StdoutLine: {'line': b"Listing '/home/sanya/fyp/W.I.P.E.R/install/weedbot_interfaces/lib/python3.12/site-packages/weedbot_interfaces'...\n"}
[11.518415] (weedbot_interfaces) StdoutLine: {'line': b"Compiling '/home/sanya/fyp/W.I.P.E.R/install/weedbot_interfaces/lib/python3.12/site-packages/weedbot_interfaces/__init__.py'...\n"}
[11.518496] (weedbot_interfaces) StdoutLine: {'line': b"Listing '/home/sanya/fyp/W.I.P.E.R/install/weedbot_interfaces/lib/python3.12/site-packages/weedbot_interfaces/msg'...\n"}
[11.518574] (weedbot_interfaces) StdoutLine: {'line': b"Compiling '/home/sanya/fyp/W.I.P.E.R/install/weedbot_interfaces/lib/python3.12/site-packages/weedbot_interfaces/msg/__init__.py'...\n"}
[11.518652] (weedbot_interfaces) StdoutLine: {'line': b"Compiling '/home/sanya/fyp/W.I.P.E.R/install/weedbot_interfaces/lib/python3.12/site-packages/weedbot_interfaces/msg/_weed_array.py'...\n"}
[11.518724] (weedbot_interfaces) StdoutLine: {'line': b"Compiling '/home/sanya/fyp/W.I.P.E.R/install/weedbot_interfaces/lib/python3.12/site-packages/weedbot_interfaces/msg/_weed_detection.py'...\n"}
[11.523021] (weedbot_interfaces) StdoutLine: {'line': b'-- Installing: /home/sanya/fyp/W.I.P.E.R/install/weedbot_interfaces/lib/libweedbot_interfaces__rosidl_generator_py.so\n'}
[11.523533] (weedbot_interfaces) StdoutLine: {'line': b'-- Set non-toolchain portion of runtime path of "/home/sanya/fyp/W.I.P.E.R/install/weedbot_interfaces/lib/libweedbot_interfaces__rosidl_generator_py.so" to ""\n'}
[11.523671] (weedbot_interfaces) StdoutLine: {'line': b'-- Installing: /home/sanya/fyp/W.I.P.E.R/install/weedbot_interfaces/share/weedbot_interfaces/cmake/export_weedbot_interfaces__rosidl_generator_cExport.cmake\n'}
[11.523803] (weedbot_interfaces) StdoutLine: {'line': b'-- Installing: /home/sanya/fyp/W.I.P.E.R/install/weedbot_interfaces/share/weedbot_interfaces/cmake/export_weedbot_interfaces__rosidl_generator_cExport-noconfig.cmake\n'}
[11.524003] (weedbot_interfaces) StdoutLine: {'line': b'-- Installing: /home/sanya/fyp/W.I.P.E.R/install/weedbot_interfaces/share/weedbot_interfaces/cmake/export_weedbot_interfaces__rosidl_typesupport_fastrtps_cExport.cmake\n'}
[11.524188] (weedbot_interfaces) StdoutLine: {'line': b'-- Installing: /home/sanya/fyp/W.I.P.E.R/install/weedbot_interfaces/share/weedbot_interfaces/cmake/export_weedbot_interfaces__rosidl_typesupport_fastrtps_cExport-noconfig.cmake\n'}
[11.524411] (weedbot_interfaces) StdoutLine: {'line': b'-- Installing: /home/sanya/fyp/W.I.P.E.R/install/weedbot_interfaces/share/weedbot_interfaces/cmake/export_weedbot_interfaces__rosidl_generator_cppExport.cmake\n'}
[11.524583] (weedbot_interfaces) StdoutLine: {'line': b'-- Installing: /home/sanya/fyp/W.I.P.E.R/install/weedbot_interfaces/share/weedbot_interfaces/cmake/export_weedbot_interfaces__rosidl_typesupport_fastrtps_cppExport.cmake\n'}
[11.524775] (weedbot_interfaces) StdoutLine: {'line': b'-- Installing: /home/sanya/fyp/W.I.P.E.R/install/weedbot_interfaces/share/weedbot_interfaces/cmake/export_weedbot_interfaces__rosidl_typesupport_fastrtps_cppExport-noconfig.cmake\n'}
[11.524983] (weedbot_interfaces) StdoutLine: {'line': b'-- Installing: /home/sanya/fyp/W.I.P.E.R/install/weedbot_interfaces/share/weedbot_interfaces/cmake/weedbot_interfaces__rosidl_typesupport_introspection_cExport.cmake\n'}
[11.525194] (weedbot_interfaces) StdoutLine: {'line': b'-- Installing: /home/sanya/fyp/W.I.P.E.R/install/weedbot_interfaces/share/weedbot_interfaces/cmake/weedbot_interfaces__rosidl_typesupport_introspection_cExport-noconfig.cmake\n'}
[11.525366] (weedbot_interfaces) StdoutLine: {'line': b'-- Installing: /home/sanya/fyp/W.I.P.E.R/install/weedbot_interfaces/share/weedbot_interfaces/cmake/weedbot_interfaces__rosidl_typesupport_cExport.cmake\n'}
[11.525544] (weedbot_interfaces) StdoutLine: {'line': b'-- Installing: /home/sanya/fyp/W.I.P.E.R/install/weedbot_interfaces/share/weedbot_interfaces/cmake/weedbot_interfaces__rosidl_typesupport_cExport-noconfig.cmake\n'}
[11.525737] (weedbot_interfaces) StdoutLine: {'line': b'-- Installing: /home/sanya/fyp/W.I.P.E.R/install/weedbot_interfaces/share/weedbot_interfaces/cmake/weedbot_interfaces__rosidl_typesupport_introspection_cppExport.cmake\n'}
[11.525908] (weedbot_interfaces) StdoutLine: {'line': b'-- Installing: /home/sanya/fyp/W.I.P.E.R/install/weedbot_interfaces/share/weedbot_interfaces/cmake/weedbot_interfaces__rosidl_typesupport_introspection_cppExport-noconfig.cmake\n'}
[11.526117] (weedbot_interfaces) StdoutLine: {'line': b'-- Installing: /home/sanya/fyp/W.I.P.E.R/install/weedbot_interfaces/share/weedbot_interfaces/cmake/weedbot_interfaces__rosidl_typesupport_cppExport.cmake\n'}
[11.526306] (weedbot_interfaces) StdoutLine: {'line': b'-- Installing: /home/sanya/fyp/W.I.P.E.R/install/weedbot_interfaces/share/weedbot_interfaces/cmake/weedbot_interfaces__rosidl_typesupport_cppExport-noconfig.cmake\n'}
[11.526492] (weedbot_interfaces) StdoutLine: {'line': b'-- Installing: /home/sanya/fyp/W.I.P.E.R/install/weedbot_interfaces/share/weedbot_interfaces/cmake/export_weedbot_interfaces__rosidl_generator_pyExport.cmake\n'}
[11.526587] (-) TimerEvent: {}
[11.526689] (weedbot_interfaces) StdoutLine: {'line': b'-- Installing: /home/sanya/fyp/W.I.P.E.R/install/weedbot_interfaces/share/weedbot_interfaces/cmake/export_weedbot_interfaces__rosidl_generator_pyExport-noconfig.cmake\n'}
[11.529188] (weedbot_interfaces) CommandEnded: {'returncode': 0}
[11.547358] (weedbot_interfaces) JobEnded: {'identifier': 'weedbot_interfaces', 'rc': 0}
[11.548365] (weedbot_control) JobStarted: {'identifier': 'weedbot_control'}
[11.551614] (weedbot_vision) JobStarted: {'identifier': 'weedbot_vision'}
[11.626681] (-) TimerEvent: {}
[11.726900] (-) TimerEvent: {}
[11.827127] (-) TimerEvent: {}
[11.927334] (-) TimerEvent: {}
[12.027562] (-) TimerEvent: {}
[12.127812] (-) TimerEvent: {}
[12.228079] (-) TimerEvent: {}
[12.328323] (-) TimerEvent: {}
[12.428559] (-) TimerEvent: {}
[12.528807] (-) TimerEvent: {}
[12.629060] (-) TimerEvent: {}
[12.727383] (weedbot_control) Command: {'cmd': ['/usr/bin/python3', '-W', 'ignore:setup.py install is deprecated', '-W', 'ignore:easy_install command is deprecated', 'setup.py', 'develop', '--editable', '--build-directory', '/home/sanya/fyp/W.I.P.E.R/build/weedbot_control/build', '--no-deps', 'symlink_data'], 'cwd': '/home/sanya/fyp/W.I.P.E.R/build/weedbot_control', 'env': {'GJS_DEBUG_TOPICS': 'JS ERROR;JS LOG', 'PYTHON_BASIC_REPL': '1', 'LESSOPEN': '| /usr/bin/lesspipe %s', 'USER': 'sanya', 'FONTCONFIG_PATH': '/etc/fonts', 'GIO_MODULE_DIR': '/home/sanya/snap/code/common/.cache/gio-modules', 'XDG_SESSION_TYPE': 'wayland', 'GIT_ASKPASS': '/snap/code/235/usr/share/code/resources/app/extensions/git/dist/askpass.sh', 'GTK_EXE_PREFIX_VSCODE_SNAP_ORIG': '', 'GDK_BACKEND_VSCODE_SNAP_ORIG': '', 'CLUTTER_DISABLE_MIPMAPPED_TEXT': '1', 'SHLVL': '1', 'LD_LIBRARY_PATH': '/home/sanya/fyp/W.I.P.E.R/install/weedbot_interfaces/lib:/opt/ros/jazzy/opt/rviz_ogre_vendor/lib:/opt/ros/jazzy/lib/x86_64-linux-gnu:/opt/ros/jazzy/opt/gz_math_vendor/lib:/opt/ros/jazzy/opt/gz_utils_vendor/lib:/opt/ros/jazzy/opt/gz_cmake_vendor/lib:/opt/ros/jazzy/lib', 'HOME': '/home/sanya', 'CHROME_DESKTOP': 'code.desktop', 'LOCPATH_VSCODE_SNAP_ORIG': '', 'OLDPWD': '/home/sanya/fyp/W.I.P.E.R/frontend', 'TERM_PROGRAM_VERSION': '1.117.0', 'DESKTOP_SESSION': 'ubuntu', 'GTK_PATH': '/snap/code/235/usr/lib/x86_64-linux-gnu/gtk-3.0', 'XDG_DATA_HOME_VSCODE_SNAP_ORIG': '', 'GTK_IM_MODULE_FILE': '/home/sanya/snap/code/common/.cache/immodules/immodules.cache', 'GIO_LAUNCHED_DESKTOP_FILE': '/var/lib/snapd/desktop/applications/code_code.desktop', 'ROS_PYTHON_VERSION': '3', 'GNOME_SHELL_SESSION_MODE': 'ubuntu', 'GTK_MODULES': 'gail:atk-bridge', 'GSETTINGS_SCHEMA_DIR_VSCODE_SNAP_ORIG': '', 'VSCODE_GIT_ASKPASS_MAIN': '/snap/code/235/usr/share/code/resources/app/extensions/git/dist/askpass-main.js', 'VSCODE_GIT_ASKPASS_NODE': '/snap/code/235/usr/share/code/code', 'MANAGERPID': '2055', 'PYDEVD_DISABLE_FILE_VALIDATION': '1', 'SYSTEMD_EXEC_PID': '2304', 'BUNDLED_DEBUGPY_PATH': '/home/sanya/.vscode/extensions/ms-python.debugpy-2026.4.0-linux-x64/bundled/libs/debugpy', 'IM_CONFIG_CHECK_ENV': '1', 'VSCODE_PYTHON_AUTOACTIVATE_GUARD': '1', 'GSM_SKIP_SSH_AGENT_WORKAROUND': 'true', 'DBUS_SESSION_BUS_ADDRESS': 'unix:path=/run/user/1000/bus', 'COLORTERM': 'truecolor', 'GIO_LAUNCHED_DESKTOP_FILE_PID': '4650', 'DEBUGINFOD_URLS': 'https://debuginfod.ubuntu.com', 'IM_CONFIG_PHASE': '1', 'WAYLAND_DISPLAY': 'wayland-0', 'ROS_DISTRO': 'jazzy', 'LOGNAME': 'sanya', 'JOURNAL_STREAM': '9:20877', '_': '/usr/bin/colcon', 'ROS_VERSION': '2', 'XDG_CONFIG_DIRS_VSCODE_SNAP_ORIG': '/etc/xdg/xdg-ubuntu:/etc/xdg', 'MEMORY_PRESSURE_WATCH': '/sys/fs/cgroup/user.slice/user-1000.slice/user@1000.service/session.slice/org.gnome.Shell@wayland.service/memory.pressure', 'CLAUDE_CODE_SSE_PORT': '60630', 'XDG_SESSION_CLASS': 'user', 'XDG_DATA_DIRS_VSCODE_SNAP_ORIG': '/usr/share/ubuntu:/usr/share/gnome:/usr/local/share/:/usr/share/:/var/lib/snapd/desktop', 'USERNAME': 'sanya', 'TERM': 'xterm-256color', 'GNOME_DESKTOP_SESSION_ID': 'this-is-deprecated', 'FC_FONTATIONS': '1', 'PATH': '/opt/ros/jazzy/bin:/home/sanya/.local/bin:/home/sanya/.local/bin:/usr/local/sbin:/usr/local/bin:/usr/sbin:/usr/bin:/sbin:/bin:/usr/games:/usr/local/games:/snap/bin:/snap/bin:/home/sanya/.vscode/extensions/ms-python.debugpy-2026.4.0-linux-x64/bundled/scripts/noConfigScripts', 'SESSION_MANAGER': 'local/sanya-R14P-Series:@/tmp/.ICE-unix/2263,unix/sanya-R14P-Series:/tmp/.ICE-unix/2263', 'GTK_EXE_PREFIX': '/snap/code/235/usr', 'INVOCATION_ID': '7a3165c4d5b443a7be62895e53b5ebe7', 'XDG_MENU_PREFIX': 'gnome-', 'GNOME_SETUP_DISPLAY': ':1', 'XDG_RUNTIME_DIR': '/run/user/1000', 'GDK_BACKEND': 'x11', 'DISPLAY': ':0', 'LOCPATH': '/snap/code/235/usr/lib/locale', 'VSCODE_DEBUGPY_ADAPTER_ENDPOINTS': '/home/sanya/.vscode/extensions/ms-python.debugpy-2026.4.0-linux-x64/.noConfigDebugAdapterEndpoints/endpoint-58909b861d5c081c.txt', 'LANG': 'en_US.UTF-8', 'XDG_CURRENT_DESKTOP': 'ubuntu:GNOME', 'PYTHONSTARTUP': '/home/sanya/.config/Code/User/workspaceStorage/d451e44e768164a9904be184ac239207/ms-python.python/pythonrc.py', 'GIO_MODULE_DIR_VSCODE_SNAP_ORIG': '', 'XDG_DATA_HOME': '/home/sanya/snap/code/235/.local/share', 'XMODIFIERS': '@im=ibus', 'XDG_SESSION_DESKTOP': 'ubuntu', 'XAUTHORITY': '/run/user/1000/.mutter-Xwaylandauth.IJENO3', 'LS_COLORS': 'rs=0:di=01;34:ln=01;36:mh=00:pi=40;33:so=01;35:do=01;35:bd=40;33;01:cd=40;33;01:or=40;31;01:mi=00:su=37;41:sg=30;43:ca=00:tw=30;42:ow=34;42:st=37;44:ex=01;32:*.tar=01;31:*.tgz=01;31:*.arc=01;31:*.arj=01;31:*.taz=01;31:*.lha=01;31:*.lz4=01;31:*.lzh=01;31:*.lzma=01;31:*.tlz=01;31:*.txz=01;31:*.tzo=01;31:*.t7z=01;31:*.zip=01;31:*.z=01;31:*.dz=01;31:*.gz=01;31:*.lrz=01;31:*.lz=01;31:*.lzo=01;31:*.xz=01;31:*.zst=01;31:*.tzst=01;31:*.bz2=01;31:*.bz=01;31:*.tbz=01;31:*.tbz2=01;31:*.tz=01;31:*.deb=01;31:*.rpm=01;31:*.jar=01;31:*.war=01;31:*.ear=01;31:*.sar=01;31:*.rar=01;31:*.alz=01;31:*.ace=01;31:*.zoo=01;31:*.cpio=01;31:*.7z=01;31:*.rz=01;31:*.cab=01;31:*.wim=01;31:*.swm=01;31:*.dwm=01;31:*.esd=01;31:*.avif=01;35:*.jpg=01;35:*.jpeg=01;35:*.mjpg=01;35:*.mjpeg=01;35:*.gif=01;35:*.bmp=01;35:*.pbm=01;35:*.pgm=01;35:*.ppm=01;35:*.tga=01;35:*.xbm=01;35:*.xpm=01;35:*.tif=01;35:*.tiff=01;35:*.png=01;35:*.svg=01;35:*.svgz=01;35:*.mng=01;35:*.pcx=01;35:*.mov=01;35:*.mpg=01;35:*.mpeg=01;35:*.m2v=01;35:*.mkv=01;35:*.webm=01;35:*.webp=01;35:*.ogm=01;35:*.mp4=01;35:*.m4v=01;35:*.mp4v=01;35:*.vob=01;35:*.qt=01;35:*.nuv=01;35:*.wmv=01;35:*.asf=01;35:*.rm=01;35:*.rmvb=01;35:*.flc=01;35:*.avi=01;35:*.fli=01;35:*.flv=01;35:*.gl=01;35:*.dl=01;35:*.xcf=01;35:*.xwd=01;35:*.yuv=01;35:*.cgm=01;35:*.emf=01;35:*.ogv=01;35:*.ogx=01;35:*.aac=00;36:*.au=00;36:*.flac=00;36:*.m4a=00;36:*.mid=00;36:*.midi=00;36:*.mka=00;36:*.mp3=00;36:*.mpc=00;36:*.ogg=00;36:*.ra=00;36:*.wav=00;36:*.oga=00;36:*.opus=00;36:*.spx=00;36:*.xspf=00;36:*~=00;90:*#=00;90:*.bak=00;90:*.crdownload=00;90:*.dpkg-dist=00;90:*.dpkg-new=00;90:*.dpkg-old=00;90:*.dpkg-tmp=00;90:*.old=00;90:*.orig=00;90:*.part=00;90:*.rej=00;90:*.rpmnew=00;90:*.rpmorig=00;90:*.rpmsave=00;90:*.swp=00;90:*.tmp=00;90:*.ucf-dist=00;90:*.ucf-new=00;90:*.ucf-old=00;90:', 'VSCODE_GIT_IPC_HANDLE': '/run/user/1000/vscode-git-88cd893123.sock', 'TERM_PROGRAM': 'vscode', 'SSH_AUTH_SOCK': '/run/user/1000/keyring/ssh', 'GSETTINGS_SCHEMA_DIR': '/home/sanya/snap/code/235/.local/share/glib-2.0/schemas', 'AMENT_PREFIX_PATH': '/home/sanya/fyp/W.I.P.E.R/install/weedbot_interfaces:/opt/ros/jazzy', 'SHELL': '/bin/bash', 'QT_ACCESSIBILITY': '1', 'GDMSESSION': 'ubuntu', 'LESSCLOSE': '/usr/bin/lesspipe %s %s', 'GTK_PATH_VSCODE_SNAP_ORIG': '', 'FONTCONFIG_FILE': '/etc/fonts/fonts.conf', 'GTK_IM_MODULE_FILE_VSCODE_SNAP_ORIG': '', 'GJS_DEBUG_OUTPUT': 'stderr', 'ROS_AUTOMATIC_DISCOVERY_RANGE': 'SUBNET', 'VSCODE_GIT_ASKPASS_EXTRA_ARGS': '', 'QT_IM_MODULE': 'ibus', 'PWD': '/home/sanya/fyp/W.I.P.E.R/build/weedbot_control', 'LC_ALL': 'en_US.UTF-8', 'XDG_CONFIG_DIRS': '/etc/xdg/xdg-ubuntu:/etc/xdg', 'XDG_DATA_DIRS': '/home/sanya/snap/code/235/.local/share:/home/sanya/snap/code/235:/snap/code/235/usr/share:/usr/share/ubuntu:/usr/share/gnome:/usr/local/share/:/usr/share/:/var/lib/snapd/desktop', 'PYTHONPATH': '/home/sanya/fyp/W.I.P.E.R/build/weedbot_control/prefix_override:/usr/lib/python3/dist-packages/colcon_core/task/python/colcon_distutils_commands:/home/sanya/fyp/W.I.P.E.R/install/weedbot_control/lib/python3.12/site-packages:/home/sanya/fyp/W.I.P.E.R/install/weedbot_interfaces/lib/python3.12/site-packages:/opt/ros/jazzy/lib/python3.12/site-packages', 'COLCON': '1', 'MEMORY_PRESSURE_WRITE': 'c29tZSAyMDAwMDAgMjAwMDAwMAA=', 'CMAKE_PREFIX_PATH': '/home/sanya/fyp/W.I.P.E.R/install/weedbot_interfaces:/opt/ros/jazzy/opt/gz_math_vendor:/opt/ros/jazzy/opt/gz_utils_vendor:/opt/ros/jazzy/opt/gz_cmake_vendor'}, 'shell': False}
[12.729117] (-) TimerEvent: {}
[12.730646] (weedbot_vision) Command: {'cmd': ['/usr/bin/python3', '-W', 'ignore:setup.py install is deprecated', '-W', 'ignore:easy_install command is deprecated', 'setup.py', 'develop', '--editable', '--build-directory', '/home/sanya/fyp/W.I.P.E.R/build/weedbot_vision/build', '--no-deps', 'symlink_data'], 'cwd': '/home/sanya/fyp/W.I.P.E.R/build/weedbot_vision', 'env': {'GJS_DEBUG_TOPICS': 'JS ERROR;JS LOG', 'PYTHON_BASIC_REPL': '1', 'LESSOPEN': '| /usr/bin/lesspipe %s', 'USER': 'sanya', 'FONTCONFIG_PATH': '/etc/fonts', 'GIO_MODULE_DIR': '/home/sanya/snap/code/common/.cache/gio-modules', 'XDG_SESSION_TYPE': 'wayland', 'GIT_ASKPASS': '/snap/code/235/usr/share/code/resources/app/extensions/git/dist/askpass.sh', 'GTK_EXE_PREFIX_VSCODE_SNAP_ORIG': '', 'GDK_BACKEND_VSCODE_SNAP_ORIG': '', 'CLUTTER_DISABLE_MIPMAPPED_TEXT': '1', 'SHLVL': '1', 'LD_LIBRARY_PATH': '/home/sanya/fyp/W.I.P.E.R/install/weedbot_interfaces/lib:/opt/ros/jazzy/opt/rviz_ogre_vendor/lib:/opt/ros/jazzy/lib/x86_64-linux-gnu:/opt/ros/jazzy/opt/gz_math_vendor/lib:/opt/ros/jazzy/opt/gz_utils_vendor/lib:/opt/ros/jazzy/opt/gz_cmake_vendor/lib:/opt/ros/jazzy/lib', 'HOME': '/home/sanya', 'CHROME_DESKTOP': 'code.desktop', 'LOCPATH_VSCODE_SNAP_ORIG': '', 'OLDPWD': '/home/sanya/fyp/W.I.P.E.R/frontend', 'TERM_PROGRAM_VERSION': '1.117.0', 'DESKTOP_SESSION': 'ubuntu', 'GTK_PATH': '/snap/code/235/usr/lib/x86_64-linux-gnu/gtk-3.0', 'XDG_DATA_HOME_VSCODE_SNAP_ORIG': '', 'GTK_IM_MODULE_FILE': '/home/sanya/snap/code/common/.cache/immodules/immodules.cache', 'GIO_LAUNCHED_DESKTOP_FILE': '/var/lib/snapd/desktop/applications/code_code.desktop', 'ROS_PYTHON_VERSION': '3', 'GNOME_SHELL_SESSION_MODE': 'ubuntu', 'GTK_MODULES': 'gail:atk-bridge', 'GSETTINGS_SCHEMA_DIR_VSCODE_SNAP_ORIG': '', 'VSCODE_GIT_ASKPASS_MAIN': '/snap/code/235/usr/share/code/resources/app/extensions/git/dist/askpass-main.js', 'VSCODE_GIT_ASKPASS_NODE': '/snap/code/235/usr/share/code/code', 'MANAGERPID': '2055', 'PYDEVD_DISABLE_FILE_VALIDATION': '1', 'SYSTEMD_EXEC_PID': '2304', 'BUNDLED_DEBUGPY_PATH': '/home/sanya/.vscode/extensions/ms-python.debugpy-2026.4.0-linux-x64/bundled/libs/debugpy', 'IM_CONFIG_CHECK_ENV': '1', 'VSCODE_PYTHON_AUTOACTIVATE_GUARD': '1', 'GSM_SKIP_SSH_AGENT_WORKAROUND': 'true', 'DBUS_SESSION_BUS_ADDRESS': 'unix:path=/run/user/1000/bus', 'COLORTERM': 'truecolor', 'GIO_LAUNCHED_DESKTOP_FILE_PID': '4650', 'DEBUGINFOD_URLS': 'https://debuginfod.ubuntu.com', 'IM_CONFIG_PHASE': '1', 'WAYLAND_DISPLAY': 'wayland-0', 'ROS_DISTRO': 'jazzy', 'LOGNAME': 'sanya', 'JOURNAL_STREAM': '9:20877', '_': '/usr/bin/colcon', 'ROS_VERSION': '2', 'XDG_CONFIG_DIRS_VSCODE_SNAP_ORIG': '/etc/xdg/xdg-ubuntu:/etc/xdg', 'MEMORY_PRESSURE_WATCH': '/sys/fs/cgroup/user.slice/user-1000.slice/user@1000.service/session.slice/org.gnome.Shell@wayland.service/memory.pressure', 'CLAUDE_CODE_SSE_PORT': '60630', 'XDG_SESSION_CLASS': 'user', 'XDG_DATA_DIRS_VSCODE_SNAP_ORIG': '/usr/share/ubuntu:/usr/share/gnome:/usr/local/share/:/usr/share/:/var/lib/snapd/desktop', 'USERNAME': 'sanya', 'TERM': 'xterm-256color', 'GNOME_DESKTOP_SESSION_ID': 'this-is-deprecated', 'FC_FONTATIONS': '1', 'PATH': '/opt/ros/jazzy/bin:/home/sanya/.local/bin:/home/sanya/.local/bin:/usr/local/sbin:/usr/local/bin:/usr/sbin:/usr/bin:/sbin:/bin:/usr/games:/usr/local/games:/snap/bin:/snap/bin:/home/sanya/.vscode/extensions/ms-python.debugpy-2026.4.0-linux-x64/bundled/scripts/noConfigScripts', 'SESSION_MANAGER': 'local/sanya-R14P-Series:@/tmp/.ICE-unix/2263,unix/sanya-R14P-Series:/tmp/.ICE-unix/2263', 'GTK_EXE_PREFIX': '/snap/code/235/usr', 'INVOCATION_ID': '7a3165c4d5b443a7be62895e53b5ebe7', 'XDG_MENU_PREFIX': 'gnome-', 'GNOME_SETUP_DISPLAY': ':1', 'XDG_RUNTIME_DIR': '/run/user/1000', 'GDK_BACKEND': 'x11', 'DISPLAY': ':0', 'LOCPATH': '/snap/code/235/usr/lib/locale', 'VSCODE_DEBUGPY_ADAPTER_ENDPOINTS': '/home/sanya/.vscode/extensions/ms-python.debugpy-2026.4.0-linux-x64/.noConfigDebugAdapterEndpoints/endpoint-58909b861d5c081c.txt', 'LANG': 'en_US.UTF-8', 'XDG_CURRENT_DESKTOP': 'ubuntu:GNOME', 'PYTHONSTARTUP': '/home/sanya/.config/Code/User/workspaceStorage/d451e44e768164a9904be184ac239207/ms-python.python/pythonrc.py', 'GIO_MODULE_DIR_VSCODE_SNAP_ORIG': '', 'XDG_DATA_HOME': '/home/sanya/snap/code/235/.local/share', 'XMODIFIERS': '@im=ibus', 'XDG_SESSION_DESKTOP': 'ubuntu', 'XAUTHORITY': '/run/user/1000/.mutter-Xwaylandauth.IJENO3', 'LS_COLORS': 'rs=0:di=01;34:ln=01;36:mh=00:pi=40;33:so=01;35:do=01;35:bd=40;33;01:cd=40;33;01:or=40;31;01:mi=00:su=37;41:sg=30;43:ca=00:tw=30;42:ow=34;42:st=37;44:ex=01;32:*.tar=01;31:*.tgz=01;31:*.arc=01;31:*.arj=01;31:*.taz=01;31:*.lha=01;31:*.lz4=01;31:*.lzh=01;31:*.lzma=01;31:*.tlz=01;31:*.txz=01;31:*.tzo=01;31:*.t7z=01;31:*.zip=01;31:*.z=01;31:*.dz=01;31:*.gz=01;31:*.lrz=01;31:*.lz=01;31:*.lzo=01;31:*.xz=01;31:*.zst=01;31:*.tzst=01;31:*.bz2=01;31:*.bz=01;31:*.tbz=01;31:*.tbz2=01;31:*.tz=01;31:*.deb=01;31:*.rpm=01;31:*.jar=01;31:*.war=01;31:*.ear=01;31:*.sar=01;31:*.rar=01;31:*.alz=01;31:*.ace=01;31:*.zoo=01;31:*.cpio=01;31:*.7z=01;31:*.rz=01;31:*.cab=01;31:*.wim=01;31:*.swm=01;31:*.dwm=01;31:*.esd=01;31:*.avif=01;35:*.jpg=01;35:*.jpeg=01;35:*.mjpg=01;35:*.mjpeg=01;35:*.gif=01;35:*.bmp=01;35:*.pbm=01;35:*.pgm=01;35:*.ppm=01;35:*.tga=01;35:*.xbm=01;35:*.xpm=01;35:*.tif=01;35:*.tiff=01;35:*.png=01;35:*.svg=01;35:*.svgz=01;35:*.mng=01;35:*.pcx=01;35:*.mov=01;35:*.mpg=01;35:*.mpeg=01;35:*.m2v=01;35:*.mkv=01;35:*.webm=01;35:*.webp=01;35:*.ogm=01;35:*.mp4=01;35:*.m4v=01;35:*.mp4v=01;35:*.vob=01;35:*.qt=01;35:*.nuv=01;35:*.wmv=01;35:*.asf=01;35:*.rm=01;35:*.rmvb=01;35:*.flc=01;35:*.avi=01;35:*.fli=01;35:*.flv=01;35:*.gl=01;35:*.dl=01;35:*.xcf=01;35:*.xwd=01;35:*.yuv=01;35:*.cgm=01;35:*.emf=01;35:*.ogv=01;35:*.ogx=01;35:*.aac=00;36:*.au=00;36:*.flac=00;36:*.m4a=00;36:*.mid=00;36:*.midi=00;36:*.mka=00;36:*.mp3=00;36:*.mpc=00;36:*.ogg=00;36:*.ra=00;36:*.wav=00;36:*.oga=00;36:*.opus=00;36:*.spx=00;36:*.xspf=00;36:*~=00;90:*#=00;90:*.bak=00;90:*.crdownload=00;90:*.dpkg-dist=00;90:*.dpkg-new=00;90:*.dpkg-old=00;90:*.dpkg-tmp=00;90:*.old=00;90:*.orig=00;90:*.part=00;90:*.rej=00;90:*.rpmnew=00;90:*.rpmorig=00;90:*.rpmsave=00;90:*.swp=00;90:*.tmp=00;90:*.ucf-dist=00;90:*.ucf-new=00;90:*.ucf-old=00;90:', 'VSCODE_GIT_IPC_HANDLE': '/run/user/1000/vscode-git-88cd893123.sock', 'TERM_PROGRAM': 'vscode', 'SSH_AUTH_SOCK': '/run/user/1000/keyring/ssh', 'GSETTINGS_SCHEMA_DIR': '/home/sanya/snap/code/235/.local/share/glib-2.0/schemas', 'AMENT_PREFIX_PATH': '/home/sanya/fyp/W.I.P.E.R/install/weedbot_interfaces:/opt/ros/jazzy', 'SHELL': '/bin/bash', 'QT_ACCESSIBILITY': '1', 'GDMSESSION': 'ubuntu', 'LESSCLOSE': '/usr/bin/lesspipe %s %s', 'GTK_PATH_VSCODE_SNAP_ORIG': '', 'FONTCONFIG_FILE': '/etc/fonts/fonts.conf', 'GTK_IM_MODULE_FILE_VSCODE_SNAP_ORIG': '', 'GJS_DEBUG_OUTPUT': 'stderr', 'ROS_AUTOMATIC_DISCOVERY_RANGE': 'SUBNET', 'VSCODE_GIT_ASKPASS_EXTRA_ARGS': '', 'QT_IM_MODULE': 'ibus', 'PWD': '/home/sanya/fyp/W.I.P.E.R/build/weedbot_vision', 'LC_ALL': 'en_US.UTF-8', 'XDG_CONFIG_DIRS': '/etc/xdg/xdg-ubuntu:/etc/xdg', 'XDG_DATA_DIRS': '/home/sanya/snap/code/235/.local/share:/home/sanya/snap/code/235:/snap/code/235/usr/share:/usr/share/ubuntu:/usr/share/gnome:/usr/local/share/:/usr/share/:/var/lib/snapd/desktop', 'PYTHONPATH': '/home/sanya/fyp/W.I.P.E.R/build/weedbot_vision/prefix_override:/usr/lib/python3/dist-packages/colcon_core/task/python/colcon_distutils_commands:/home/sanya/fyp/W.I.P.E.R/install/weedbot_vision/lib/python3.12/site-packages:/home/sanya/fyp/W.I.P.E.R/install/weedbot_interfaces/lib/python3.12/site-packages:/opt/ros/jazzy/lib/python3.12/site-packages', 'COLCON': '1', 'MEMORY_PRESSURE_WRITE': 'c29tZSAyMDAwMDAgMjAwMDAwMAA=', 'CMAKE_PREFIX_PATH': '/home/sanya/fyp/W.I.P.E.R/install/weedbot_interfaces:/opt/ros/jazzy/opt/gz_math_vendor:/opt/ros/jazzy/opt/gz_utils_vendor:/opt/ros/jazzy/opt/gz_cmake_vendor'}, 'shell': False}
[12.829211] (-) TimerEvent: {}
[12.929431] (-) TimerEvent: {}
[13.029649] (-) TimerEvent: {}
[13.129955] (-) TimerEvent: {}
[13.137324] (weedbot_vision) StdoutLine: {'line': b'running develop\n'}
[13.137621] (weedbot_control) StdoutLine: {'line': b'running develop\n'}
[13.230057] (-) TimerEvent: {}
[13.330542] (-) TimerEvent: {}
[13.429849] (weedbot_vision) StdoutLine: {'line': b'running egg_info\n'}
[13.430173] (weedbot_vision) StdoutLine: {'line': b'creating weedbot_vision.egg-info\n'}
[13.430326] (weedbot_control) StdoutLine: {'line': b'running egg_info\n'}
[13.430622] (-) TimerEvent: {}
[13.430881] (weedbot_control) StdoutLine: {'line': b'creating weedbot_control.egg-info\n'}
[13.460783] (weedbot_vision) StdoutLine: {'line': b'writing weedbot_vision.egg-info/PKG-INFO\n'}
[13.461219] (weedbot_vision) StdoutLine: {'line': b'writing dependency_links to weedbot_vision.egg-info/dependency_links.txt\n'}
[13.461468] (weedbot_vision) StdoutLine: {'line': b'writing entry points to weedbot_vision.egg-info/entry_points.txt\n'}
[13.461634] (weedbot_vision) StdoutLine: {'line': b'writing requirements to weedbot_vision.egg-info/requires.txt\n'}
[13.461792] (weedbot_vision) StdoutLine: {'line': b'writing top-level names to weedbot_vision.egg-info/top_level.txt\n'}
[13.461989] (weedbot_vision) StdoutLine: {'line': b"writing manifest file 'weedbot_vision.egg-info/SOURCES.txt'\n"}
[13.462123] (weedbot_control) StdoutLine: {'line': b'writing weedbot_control.egg-info/PKG-INFO\n'}
[13.462485] (weedbot_control) StdoutLine: {'line': b'writing dependency_links to weedbot_control.egg-info/dependency_links.txt\n'}
[13.462698] (weedbot_control) StdoutLine: {'line': b'writing entry points to weedbot_control.egg-info/entry_points.txt\n'}
[13.462875] (weedbot_control) StdoutLine: {'line': b'writing requirements to weedbot_control.egg-info/requires.txt\n'}
[13.462997] (weedbot_control) StdoutLine: {'line': b'writing top-level names to weedbot_control.egg-info/top_level.txt\n'}
[13.463148] (weedbot_control) StdoutLine: {'line': b"writing manifest file 'weedbot_control.egg-info/SOURCES.txt'\n"}
[13.513258] (weedbot_vision) StdoutLine: {'line': b"reading manifest file 'weedbot_vision.egg-info/SOURCES.txt'\n"}
[13.513972] (weedbot_vision) StdoutLine: {'line': b"writing manifest file 'weedbot_vision.egg-info/SOURCES.txt'\n"}
[13.515551] (weedbot_control) StdoutLine: {'line': b"reading manifest file 'weedbot_control.egg-info/SOURCES.txt'\n"}
[13.516287] (weedbot_control) StdoutLine: {'line': b"writing manifest file 'weedbot_control.egg-info/SOURCES.txt'\n"}
[13.530701] (-) TimerEvent: {}
[13.539973] (weedbot_vision) StdoutLine: {'line': b'running build_ext\n'}
[13.540213] (weedbot_vision) StdoutLine: {'line': b'Creating /home/sanya/fyp/W.I.P.E.R/install/weedbot_vision/lib/python3.12/site-packages/weedbot-vision.egg-link (link to .)\n'}
[13.541077] (weedbot_vision) StdoutLine: {'line': b'Installing camera_calibration script to /home/sanya/fyp/W.I.P.E.R/install/weedbot_vision/lib/weedbot_vision\n'}
[13.541392] (weedbot_vision) StdoutLine: {'line': b'Installing camera_publisher script to /home/sanya/fyp/W.I.P.E.R/install/weedbot_vision/lib/weedbot_vision\n'}
[13.541614] (weedbot_vision) StdoutLine: {'line': b'Installing detection_monitor script to /home/sanya/fyp/W.I.P.E.R/install/weedbot_vision/lib/weedbot_vision\n'}
[13.541832] (weedbot_vision) StdoutLine: {'line': b'Installing vision_node script to /home/sanya/fyp/W.I.P.E.R/install/weedbot_vision/lib/weedbot_vision\n'}
[13.544177] (weedbot_vision) StdoutLine: {'line': b'\n'}
[13.544304] (weedbot_vision) StdoutLine: {'line': b'Installed /home/sanya/fyp/W.I.P.E.R/build/weedbot_vision\n'}
[13.544402] (weedbot_vision) StdoutLine: {'line': b'running symlink_data\n'}
[13.544494] (weedbot_vision) StdoutLine: {'line': b'creating /home/sanya/fyp/W.I.P.E.R/install/weedbot_vision/share/ament_index\n'}
[13.544585] (weedbot_vision) StdoutLine: {'line': b'creating /home/sanya/fyp/W.I.P.E.R/install/weedbot_vision/share/ament_index/resource_index\n'}
[13.544675] (weedbot_vision) StdoutLine: {'line': b'creating /home/sanya/fyp/W.I.P.E.R/install/weedbot_vision/share/ament_index/resource_index/packages\n'}
[13.544779] (weedbot_vision) StdoutLine: {'line': b'symbolically linking /home/sanya/fyp/W.I.P.E.R/build/weedbot_vision/resource/weedbot_vision -> /home/sanya/fyp/W.I.P.E.R/install/weedbot_vision/share/ament_index/resource_index/packages\n'}
[13.544884] (weedbot_vision) StdoutLine: {'line': b'symbolically linking /home/sanya/fyp/W.I.P.E.R/build/weedbot_vision/package.xml -> /home/sanya/fyp/W.I.P.E.R/install/weedbot_vision/share/weedbot_vision\n'}
[13.544995] (weedbot_vision) StdoutLine: {'line': b'creating /home/sanya/fyp/W.I.P.E.R/install/weedbot_vision/share/weedbot_vision/launch\n'}
[13.545119] (weedbot_vision) StdoutLine: {'line': b'symbolically linking /home/sanya/fyp/W.I.P.E.R/build/weedbot_vision/launch/calibration.launch.py -> /home/sanya/fyp/W.I.P.E.R/install/weedbot_vision/share/weedbot_vision/launch\n'}
[13.545316] (weedbot_vision) StdoutLine: {'line': b'symbolically linking /home/sanya/fyp/W.I.P.E.R/build/weedbot_vision/launch/vision_launch.py -> /home/sanya/fyp/W.I.P.E.R/install/weedbot_vision/share/weedbot_vision/launch\n'}
[13.545440] (weedbot_vision) StdoutLine: {'line': b'creating /home/sanya/fyp/W.I.P.E.R/install/weedbot_vision/share/weedbot_vision/config\n'}
[13.545558] (weedbot_vision) StdoutLine: {'line': b'symbolically linking /home/sanya/fyp/W.I.P.E.R/build/weedbot_vision/config/vision_params.yaml -> /home/sanya/fyp/W.I.P.E.R/install/weedbot_vision/share/weedbot_vision/config\n'}
[13.545672] (weedbot_control) StdoutLine: {'line': b'running build_ext\n'}
[13.545808] (weedbot_control) StdoutLine: {'line': b'Creating /home/sanya/fyp/W.I.P.E.R/install/weedbot_control/lib/python3.12/site-packages/weedbot-control.egg-link (link to .)\n'}
[13.546099] (weedbot_control) StdoutLine: {'line': b'Installing control_node script to /home/sanya/fyp/W.I.P.E.R/install/weedbot_control/lib/weedbot_control\n'}
[13.546407] (weedbot_control) StdoutLine: {'line': b'Installing laser_test_node script to /home/sanya/fyp/W.I.P.E.R/install/weedbot_control/lib/weedbot_control\n'}
[13.546761] (weedbot_control) StdoutLine: {'line': b'\n'}
[13.547023] (weedbot_control) StdoutLine: {'line': b'Installed /home/sanya/fyp/W.I.P.E.R/build/weedbot_control\n'}
[13.547262] (weedbot_control) StdoutLine: {'line': b'running symlink_data\n'}
[13.547363] (weedbot_control) StdoutLine: {'line': b'creating /home/sanya/fyp/W.I.P.E.R/install/weedbot_control/share/ament_index\n'}
[13.547522] (weedbot_control) StdoutLine: {'line': b'creating /home/sanya/fyp/W.I.P.E.R/install/weedbot_control/share/ament_index/resource_index\n'}
[13.547691] (weedbot_control) StdoutLine: {'line': b'creating /home/sanya/fyp/W.I.P.E.R/install/weedbot_control/share/ament_index/resource_index/packages\n'}
[13.547832] (weedbot_control) StdoutLine: {'line': b'symbolically linking /home/sanya/fyp/W.I.P.E.R/build/weedbot_control/resource/weedbot_control -> /home/sanya/fyp/W.I.P.E.R/install/weedbot_control/share/ament_index/resource_index/packages\n'}
[13.547930] (weedbot_control) StdoutLine: {'line': b'symbolically linking /home/sanya/fyp/W.I.P.E.R/build/weedbot_control/package.xml -> /home/sanya/fyp/W.I.P.E.R/install/weedbot_control/share/weedbot_control\n'}
[13.548040] (weedbot_control) StdoutLine: {'line': b'creating /home/sanya/fyp/W.I.P.E.R/install/weedbot_control/share/weedbot_control/launch\n'}
[13.548220] (weedbot_control) StdoutLine: {'line': b'symbolically linking /home/sanya/fyp/W.I.P.E.R/build/weedbot_control/launch/laser_dry_run.launch.py -> /home/sanya/fyp/W.I.P.E.R/install/weedbot_control/share/weedbot_control/launch\n'}
[13.548348] (weedbot_control) StdoutLine: {'line': b'symbolically linking /home/sanya/fyp/W.I.P.E.R/build/weedbot_control/launch/control_launch.py -> /home/sanya/fyp/W.I.P.E.R/install/weedbot_control/share/weedbot_control/launch\n'}
[13.548469] (weedbot_control) StdoutLine: {'line': b'creating /home/sanya/fyp/W.I.P.E.R/install/weedbot_control/share/weedbot_control/config\n'}
[13.548638] (weedbot_control) StdoutLine: {'line': b'symbolically linking /home/sanya/fyp/W.I.P.E.R/build/weedbot_control/config/control_params.yaml -> /home/sanya/fyp/W.I.P.E.R/install/weedbot_control/share/weedbot_control/config\n'}
[13.548724] (weedbot_control) StdoutLine: {'line': b'symbolically linking /home/sanya/fyp/W.I.P.E.R/build/weedbot_control/config/test_shots.csv -> /home/sanya/fyp/W.I.P.E.R/install/weedbot_control/share/weedbot_control/config\n'}
[13.548835] (weedbot_control) StdoutLine: {'line': b'symbolically linking /home/sanya/fyp/W.I.P.E.R/build/weedbot_control/README.md -> /home/sanya/fyp/W.I.P.E.R/install/weedbot_control/share/weedbot_control\n'}
[13.587203] (weedbot_control) CommandEnded: {'returncode': 0}
[13.594605] (weedbot_control) JobEnded: {'identifier': 'weedbot_control', 'rc': 0}
[13.595848] (weedbot_vision) CommandEnded: {'returncode': 0}
[13.602464] (weedbot_vision) JobEnded: {'identifier': 'weedbot_vision', 'rc': 0}
[13.603507] (-) EventReactorShutdown: {}
